fdc_id,name,cal,pro,carb,fat
320356,"Proximates, Beef, Eye of Round roast/steak, lean only, raw, animal 5, select",0,23,0,3
320383,"Proximates, Beef, Eye of Round roast/steak, lean only, raw, animal 10, select",0,24,0,2
320389,"Proximates, Beef, Eye of Round roast/steak, lean only, raw, animal 11, select",0,24,0,3
320391,"Proximates, Beef, Eye of Round roast/steak, lean only, raw, animal 16, select",0,24,0,2
320393,"Proximates, Beef, Eye of Round roast/steak, lean only, raw, animal 17, select",0,24,0,3
320395,"Proximates, Beef, Eye of Round roast/steak, lean only, raw, animal 18, select",0,24,0,2
320401,"Proximates, Beef, Eye of Round roast/steak, lean only, raw, animal 22, select",0,24,0,3
320403,"Proximates, Beef, Eye of Round roast/steak, lean only, raw, animal 23, select",0,23,0,3
320405,"Proximates, Beef, Eye of Round roast/steak, lean only, raw, animal 28, select",0,23,0,2
320407,"Proximates, Beef, Eye of Round roast/steak, lean only, raw, animal 29, select",0,23,0,2
320409,"Proximates, Beef, Eye of Round roast/steak, lean only, raw, animal 35, select",0,23,0,1
320411,"Proximates, Beef, Eye of Round roast/steak, lean only, raw, animal 36, select",0,23,0,2
321358,"Hummus, commercial",229,7,15,17
321359,"Milk, reduced fat, fluid, 2% milkfat, with added vitamin A and vitamin D",50,3,5,2
321360,"Tomatoes, grape, raw",27,1,6,1
321611,"Beans, snap, green, canned, regular pack, drained solids",21,1,4,0
321900,"Broccoli, raw",32,3,6,0
322228,"Milk, lowfat, fluid, 1% milkfat, with added vitamin A and vitamin D",43,3,5,1
322559,"Milk, nonfat, fluid, with added vitamin A and vitamin D (fat free or skim)",34,3,5,0
322892,"Milk, whole, 3.25% milkfat, with added vitamin D",60,3,5,3
323121,"Frankfurter, beef, unheated",314,12,3,28
323294,"Nuts, almonds, dry roasted, with salt added",620,20,16,58
323444,"Cheese, ricotta, whole milk",157,8,7,11
323505,"Kale, raw",35,3,4,1
323604,"Egg, whole, raw, frozen, pasteurized",150,12,1,10
323697,"Egg, white, raw, frozen, pasteurized",48,10,1,0
323793,"Egg, white, dried",376,80,6,1
324038,"Sauce, salsa, ready-to-serve",29,1,7,0
324157,"Sausage, breakfast sausage, beef, pre-cooked, unprepared",328,13,3,29
324317,"Onion rings, breaded, par fried, frozen, prepared, heated in oven",288,5,36,14
324653,"Pickles, cucumber, dill or kosher dill",12,0,2,0
324860,"Peanut butter, smooth style, with salt",597,22,22,51
325036,"Cheese, parmesan, grated",421,30,12,28
325198,"Cheese, pasteurized process, American, vitamin D fortified",366,18,5,31
325287,"Grapefruit juice, white, canned or bottled, unsweetened",37,1,8,1
325430,"Peaches, yellow, raw",42,1,10,0
325524,"Seeds, sunflower seed kernels, dry roasted, with salt added",612,21,17,56
325658,"Sausage, Italian, pork, mild, cooked, pan-fried",322,18,2,26
325871,"Bread, white, commercially prepared",270,9,49,4
325992,"Sausage, turkey, breakfast links, mild, raw",169,17,1,10
326135,"Cheese, swiss",393,27,1,31
326196,"Kale, frozen, cooked, boiled, drained, without salt",36,3,5,1
326458,"Carrots, frozen, unprepared (Includes foods for USDA's Food Distribution Program)",37,1,8,0
326698,"Mustard, prepared, yellow",61,4,5,3
326905,"Figs, dried, uncooked",249,3,64,1
327046,"Kiwifruit, green, raw",58,1,14,0
327198,"Melons, cantaloupe, raw",34,1,8,0
327357,"Nectarines, raw",39,1,9,0
327501,"Oranges, raw, navels (Includes foods for USDA's Food Distribution Program)",47,1,12,0
327699,"Strawberries, raw",31,1,8,0
327923,"Lettuce, cos or romaine, raw",17,1,3,0
328637,"Cheese, cheddar",408,23,2,34
328841,"Cheese, cottage, lowfat, 2% milkfat",84,11,4,2
329370,"Cheese, mozzarella, low moisture, part-skim",298,24,4,20
329490,"Egg, whole, dried",575,48,2,40
329596,"Egg, yolk, raw, frozen, pasteurized",296,16,1,25
329716,"Egg, yolk, dried",654,34,1,56
329830,"Cheese, dry white, queso seco",326,24,2,24
330137,"Yogurt, Greek, plain, nonfat",61,10,4,0
330144,"Proximates, Yogurt, Greek, strawberry, non-fat, DANNON OIKOS (CO,CT) - NFY120OO0",0,8,0,0
330151,"Proximates, Yogurt, Greek, strawberry, non-fat, DANNON OIKOS (AL,CA1) - NFY120ON9",0,8,0,0
330158,"Proximates, Yogurt, Greek, strawberry, non-fat, DANNON OIKOS (MI,OK) - NFY120OOL",0,8,0,0
330172,"Proximates, Yogurt, Greek, strawberry, non-fat, DANNON OIKOS (FL,MO) - NFY120OO8",0,8,0,0
330193,"Proximates, Yogurt, Greek, strawberry, non-fat, FAGE TOTAL (FL,CT) - NFY120PA7",0,8,0,0
330211,"Proximates, Yogurt, Greek, strawberry, non-fat, DANNON OIKOS (CA2,NC) - NFY120ONI",0,8,0,0
330235,"Proximates, Yogurt, Greek, strawberry, non-fat, CHOBANI (AL,CA1) - NFY120OP9",0,8,0,0
330248,"Proximates, Yogurt, Greek, strawberry, non-fat, DANNON OIKOS (IN,NY) - NFY120OMR",0,8,0,0
330272,"Proximates, Yogurt, Greek, strawberry, non-fat, CHOBANI (IN,NY) - NFY120OOV",0,8,0,0
330291,"Proximates, Yogurt, Greek, strawberry, non-fat, CHOBANI (CO,CT) - NFY120OPV",0,8,0,0
330304,"Proximates, Yogurt, Greek, strawberry, non-fat, CHOBANI (MI,OK) - NFY120OQI",0,8,0,0
330322,"Proximates, Yogurt, Greek, strawberry, non-fat, FAGE TOTAL (NY,NC) - NFY120ORF",0,8,0,0
330344,"Proximates, Yogurt, Greek, strawberry, non-fat, FAGE TOTAL (CA2,CO) - NFY120OS1",0,8,0,0
330365,"Proximates, Yogurt, Greek, strawberry, non-fat, CHOBANI (FL,MO) - NFY120OQ2",0,8,0,0
330384,"Proximates, Yogurt, Greek, strawberry, non-fat, FAGE TOTAL (CA1,OK) - NFY120OQS",0,8,0,0
330407,"Proximates, Yogurt, Greek, strawberry, non-fat, CHOBANI (CA2,NC) - NFY120OPG",0,8,0,0
330415,"Yogurt, Greek, strawberry, nonfat",83,8,12,0
330458,"Oil, coconut",833,0,1,99
330465,"Protein, ash,& moisture, Ground turkey, 93% lean, 7% fat, pan-broiled crumbles (AL1)",0,26,0,0
330482,"Protein, ash,& moisture, Ground turkey, 93% lean, 7% fat, raw (National) ",0,19,0,0
330494,"Protein, ash,& moisture, Ground turkey, 93% lean, 7% fat, raw (FL1,MO1,NY1) ",0,18,0,0
330499,"Protein, ash,& moisture, Ground turkey, 93% lean, 7% fat, raw (MI1) ",0,18,0,0
330526,"Protein, ash,& moisture, Ground turkey, 93% lean, 7% fat, pan-broiled crumbles (MI1)",0,27,0,0
330532,"Protein, ash,& moisture, Ground turkey, 93% lean, 7% fat, patties, broiled (National) ",0,27,0,0
330544,"Protein, ash,& moisture, Ground turkey, 93% lean, 7% fat, patties, broiled (FL1,MO1,NY1) ",0,27,0,0
330558,"Protein, ash,& moisture, Ground turkey, 93% lean, 7% fat, patties, broiled (MI1) ",0,28,0,0
330567,"Protein, ash,& moisture, Ground turkey, 93% lean, 7% fat, raw (CA2,NC1) ",0,19,0,0
330572,"Protein, ash,& moisture, Ground turkey, 93% lean, 7% fat, raw (NC1) ",0,18,0,0
330589,"Protein, ash,& moisture, Ground turkey, 93% lean, 7% fat, pan-broiled crumbles (NC1)",0,26,0,0
330598,"Protein, ash,& moisture, Ground turkey, 93% lean, 7% fat, patties, broiled (CA2,NC1) ",0,26,0,0
330609,"Protein, ash,& moisture, Ground turkey, 93% lean, 7% fat, patties, broiled (NC1) ",0,25,0,0
330618,"Protein, ash,& moisture, Ground turkey, 93% lean, 7% fat, raw (CO1,CT1,IN1) ",0,19,0,0
330623,"Protein, ash,& moisture, Ground turkey, 93% lean, 7% fat, raw (CO1) ",0,20,0,0
330640,"Protein, ash,& moisture, Ground turkey, 93% lean, 7% fat, pan-broiled crumbles (CO1)",0,29,0,0
330649,"Protein, ash,& moisture, Ground turkey, 93% lean, 7% fat, patties, broiled (CO1,CT1,IN1) ",0,26,0,0
330661,"Protein, ash,& moisture, Ground turkey, 93% lean, 7% fat, patties, broiled (CO1) ",0,26,0,0
330670,"Protein, ash,& moisture, Ground turkey, 93% lean, 7% fat, raw (AL1,CA1,MI1) ",0,19,0,0
330675,"Protein, ash,& moisture, Ground turkey, 93% lean, 7% fat, raw (NY1) ",0,19,0,0
330694,"Protein, ash,& moisture, Ground turkey, 93% lean, 7% fat, pan-broiled crumbles (NY1)",0,26,0,0
330703,"Protein, ash,& moisture, Ground turkey, 93% lean, 7% fat, patties, broiled (AL1,CA1,MI1) ",0,26,0,0
330718,"Protein, ash,& moisture, Ground turkey, 93% lean, 7% fat, patties, broiled (NY1) ",0,24,0,0
330722,"Protein, ash,& moisture, Ground turkey, 93% lean, 7% fat, raw (FL1) ",0,20,0,0
330729,"Protein, ash,& moisture, Ground turkey, 93% lean, 7% fat, pan-broiled crumbles (FL1)",0,28,0,0
330740,"Protein, ash,& moisture, Ground turkey, 93% lean, 7% fat, patties, broiled (FL1) ",0,26,0,0
330744,"Protein, ash,& moisture, Ground turkey, 93% lean, 7% fat, raw (MO1) ",0,18,0,0
330752,"Protein, ash,& moisture, Ground turkey, 93% lean, 7% fat, pan-broiled crumbles (MO1)",0,27,0,0
330765,"Protein, ash,& moisture, Ground turkey, 93% lean, 7% fat, patties, broiled (MO1) ",0,24,0,0
330769,"Protein, ash,& moisture, Ground turkey, 93% lean, 7% fat, raw (CA1) ",0,19,0,0
330777,"Protein, ash,& moisture, Ground turkey, 93% lean, 7% fat, pan-broiled crumbles (CA1)",0,27,0,0
330790,"Protein, ash,& moisture, Ground turkey, 93% lean, 7% fat, patties, broiled (CA1) ",0,25,0,0
330794,"Protein, ash,& moisture, Ground turkey, 93% lean, 7% fat, raw (IN1) ",0,18,0,0
330801,"Protein, ash,& moisture, Ground turkey, 93% lean, 7% fat, pan-broiled crumbles (IN1)",0,27,0,0
330812,"Protein, ash,& moisture, Ground turkey, 93% lean, 7% fat, patties, broiled (IN1) ",0,25,0,0
330816,"Protein, ash,& moisture, Ground turkey, 93% lean, 7% fat, raw (CA2) ",0,20,0,0
330823,"Protein, ash,& moisture, Ground turkey, 93% lean, 7% fat, pan-broiled crumbles (CA2)",0,28,0,0
330833,"Protein, ash,& moisture, Ground turkey, 93% lean, 7% fat, patties, broiled (CA2) ",0,28,0,0
330837,"Protein, ash,& moisture, Ground turkey, 93% lean, 7% fat, raw (CT1) ",0,17,0,0
330844,"Protein, ash,& moisture, Ground turkey, 93% lean, 7% fat, pan-broiled crumbles (CT1)",0,26,0,0
330855,"Protein, ash,& moisture, Ground turkey, 93% lean, 7% fat, patties, broiled (CT1) ",0,26,0,0
330859,"Protein, ash,& moisture, Ground turkey, 93% lean, 7% fat, raw (AL1) ",0,18,0,0
330868,"Protein, ash,& moisture, Ground turkey, 93% lean, 7% fat, patties, broiled (AL1) ",0,28,0,0
330869,"Turkey, ground, 93% lean, 7% fat, pan-broiled crumbles",220,27,0,12
331897,"Chicken, broilers or fryers, drumstick, meat only, cooked, braised",156,24,0,6
331960,"Chicken, broiler or fryers, breast, skinless, boneless, meat only, cooked, braised",166,32,0,3
332282,"Sauce, pasta, spaghetti/marinara, ready-to-serve",45,1,8,1
332397,"Ham, sliced, pre-packaged, deli meat (96%fat free, water added)",106,17,0,4
332597,"Pears, raw, bartlett (Includes foods for USDA's Food Distribution Program)",57,0,15,0
332791,"Olives, green, Manzanilla, stuffed with pimiento",130,1,5,13
332864,"Sausage, pork, chorizo, link or ground, cooked, pan-fried",346,19,3,28
333008,"Cookies, oatmeal, soft, with raisins",430,6,70,14
333281,"Tomatoes, canned, red, ripe, diced",18,1,3,0
333374,"Fish, haddock, raw",74,16,0,0
333476,"Fish, pollock, raw",56,12,0,0
334194,"Fish, tuna, light, canned in water, drained solids",90,19,0,1
334247,"Sugars, granulated",385,0,100,0
334462,"Restaurant, Chinese, sweet and sour pork",260,9,26,14
334536,"Restaurant, Chinese, fried rice, without meat",174,4,32,3
334628,"Restaurant, Latino, tamale, pork",174,7,16,9
334720,"Restaurant, Latino, pupusas con frijoles (pupusas, bean)",229,6,32,9
334724,"Proximates, Beef, Boneless Top Loin steak, lean only, raw, animal 3, lowerchoice",0,22,0,7
334751,"Proximates, Beef, Boneless Top Loin steak, lean only, raw, animal 14, lowerchoice",0,24,0,7
334780,"Proximates, Beef, Boneless Top Loin steak, lean only, raw, animal 1, upperchoice",0,22,0,10
334791,"Proximates, Beef, Boneless Top Loin steak, lean only, raw, animal 12, upperchoice",0,23,0,9
334793,"Proximates, Beef, Boneless Top Loin steak, lean only, raw, animal 13, upperchoice",0,24,0,7
334795,"Proximates, Beef, Boneless Top Loin steak, lean only, raw, animal 19, upperchoice",0,23,0,6
334803,"Proximates, Beef, Boneless Top Loin steak, lean only, raw, animal 2, upperchoice",0,22,0,10
334805,"Proximates, Beef, Boneless Top Loin steak, lean only, raw, animal 24, upperchoice",0,22,0,6
334807,"Proximates, Beef, Boneless Top Loin steak, lean only, raw, animal 25, upperchoice",0,22,0,6
334809,"Proximates, Beef, Boneless Top Loin steak, lean only, raw, animal 30, upperchoice",0,24,0,5
334811,"Proximates, Beef, Boneless Top Loin steak, lean only, raw, animal 31, upperchoice",0,22,0,4
334813,"Proximates, Beef, Boneless Top Loin steak, lean only, raw, animal 32, upperchoice",0,22,0,2
334815,"Proximates, Beef, Boneless Top Loin steak, lean only, raw, animal 6, upperchoice",0,24,0,6
334817,"Proximates, Beef, Boneless Top Loin steak, lean only, raw, animal 7, upperchoice",0,23,0,7
334825,"Proximates, Beef, Boneless Top Loin steak, lean only, raw, animal 15, lowerchoice",0,24,0,6
334827,"Proximates, Beef, Boneless Top Loin steak, lean only, raw, animal 20, lowerchoice",0,23,0,7
334834,"Proximates, Beef, Boneless Top Loin steak, lean only, raw, animal 21, lowerchoice",0,24,0,4
334836,"Proximates, Beef, Boneless Top Loin steak, lean only, raw, animal 26, lowerchoice",0,23,0,5
334838,"Proximates, Beef, Boneless Top Loin steak, lean only, raw, animal 27, lowerchoice",0,22,0,7
334840,"Proximates, Beef, Boneless Top Loin steak, lean only, raw, animal 33, lowerchoice",0,23,0,4
334842,"Proximates, Beef, Boneless Top Loin steak, lean only, raw, animal 34, lowerchoice",0,23,0,5
334844,"Proximates, Beef, Boneless Top Loin steak, lean only, raw, animal 4, lowerchoice",0,22,0,7
334846,"Proximates, Beef, Boneless Top Loin steak, lean only, raw, animal 8, lowerchoice",0,23,0,5
334848,"Proximates, Beef, Boneless Top Loin steak, lean only, raw, animal 9, lowerchoice",0,23,0,8
334849,"Beef, loin, top loin steak, boneless, lip-on, separable lean only, trimmed to 1/8"" fat, choice, raw",155,23,0,6
334861,"Proximates, Beef, Tenderloin Roast, lean only, cooked, animal 5, select",0,26,0,10
334872,"Proximates, Beef, Tenderloin Roast, lean only, cooked, animal 18, select",0,29,0,5
334878,"Proximates, Beef, Tenderloin Roast, lean only, cooked, animal 22, select",0,28,0,6
334880,"Proximates, Beef, Tenderloin Roast, lean only, cooked, animal 23, select",0,27,0,9
334882,"Proximates, Beef, Tenderloin Roast, lean only, cooked, animal 28, select",0,28,0,4
334884,"Proximates, Beef, Tenderloin Roast, lean only, cooked, animal 29, select",0,28,0,8
334886,"Proximates, Beef, Tenderloin Roast, lean only, cooked, animal 35, select",0,26,0,6
334888,"Proximates, Beef, Tenderloin Roast, lean only, cooked, animal 10, select",0,29,0,5
334890,"Proximates, Beef, Tenderloin Roast, lean only, cooked, animal 11, select",0,29,0,5
334892,"Proximates, Beef, Tenderloin Roast, lean only, cooked, animal 16, select",0,29,0,4
334894,"Proximates, Beef, Tenderloin Roast, lean only, cooked, animal 17, select",0,26,0,11
334896,"Proximates, Beef, Tenderloin Roast, lean only, cooked, animal 36, select",0,27,0,4
334897,"Beef, loin, tenderloin roast, separable lean only, boneless, trimmed to 0"" fat, select, cooked, roasted",176,28,0,6
334898,"Beef, round, eye of round roast, boneless, separable lean only, trimmed to 0"" fat, select, raw",122,23,0,2
334902,"Proximates, Beef, Top Round roast/steak, lean only, raw, animal 5, select",0,24,0,3
334919,"Proximates, Beef, Top Round roast/steak, lean only, raw, animal 10, select",0,25,0,2
334930,"Proximates, Beef, Top Round roast/steak, lean only, raw, animal 11, select",0,24,0,3
334933,"Proximates, Beef, Top Round roast/steak, lean only, raw, animal 16, select",0,24,0,2
334936,"Proximates, Beef, Top Round roast/steak, lean only, raw, animal 17, select",0,24,0,4
334939,"Proximates, Beef, Top Round roast/steak, lean only, raw, animal 18, select",0,25,0,2
334947,"Proximates, Beef, Top Round roast/steak, lean only, raw, animal 22, select",0,24,0,3
334950,"Proximates, Beef, Top Round roast/steak, lean only, raw, animal 23, select",0,23,0,4
334953,"Proximates, Beef, Top Round roast/steak, lean only, raw, animal 28, select",0,23,0,1
334956,"Proximates, Beef, Top Round roast/steak, lean only, raw, animal 29, select",0,24,0,1
334959,"Proximates, Beef, Top Round roast/steak, lean only, raw, animal 35, select",0,23,0,1
334962,"Proximates, Beef, Top Round roast/steak, lean only, raw, animal 36, select",0,22,0,3
334963,"Beef, round, top round roast, boneless, separable lean only, trimmed to 0"" fat, select, raw",123,24,0,2
334966,"Proximates, Beef, T-Bone Steak, lean only, cooked, animal 12, upperchoice",0,28,0,11
334978,"Proximates, Beef, T-Bone Steak, lean only, cooked, animal 1, upperchoice",0,25,0,14
334989,"Proximates, Beef, T-Bone Steak, lean only, cooked, animal 19, upperchoice",0,26,0,14
334996,"Proximates, Beef, T-Bone Steak, lean only, cooked, animal 24, upperchoice",0,28,0,13
334998,"Proximates, Beef, T-Bone Steak, lean only, cooked, animal 25, upperchoice",0,28,0,10
335000,"Proximates, Beef, T-Bone Steak, lean only, cooked, animal 30, upperchoice",0,27,0,15
335002,"Proximates, Beef, T-Bone Steak, lean only, cooked, animal 31, upperchoice",0,27,0,13
335004,"Proximates, Beef, T-Bone Steak, lean only, cooked, animal 32, upperchoice",0,25,0,14
335006,"Proximates, Beef, T-Bone Steak, lean only, cooked, animal 2, upperchoice",0,25,0,12
335008,"Proximates, Beef, T-Bone Steak, lean only, cooked, animal 6, upperchoice",0,28,0,11
335010,"Proximates, Beef, T-Bone Steak, lean only, cooked, animal 7, upperchoice",0,28,0,9
335012,"Proximates, Beef, T-Bone Steak, lean only, cooked, animal 13, upperchoice",0,28,0,11
335015,"Proximates, Beef, T-Bone Steak, lean only, cooked, animal 20, lowerchoice",0,27,0,11
335026,"Proximates, Beef, T-Bone Steak, lean only, cooked, animal 21, lowerchoice",0,28,0,11
335037,"Proximates, Beef, T-Bone Steak, lean only, cooked, animal 3, lowerchoice",0,26,0,13
335044,"Proximates, Beef, T-Bone Steak, lean only, cooked, animal 4, lowerchoice",0,26,0,16
335046,"Proximates, Beef, T-Bone Steak, lean only, cooked, animal 8, lowerchoice",0,28,0,7
335048,"Proximates, Beef, T-Bone Steak, lean only, cooked, animal 9, lowerchoice",0,29,0,8
335050,"Proximates, Beef, T-Bone Steak, lean only, cooked, animal 14, lowerchoice",0,28,0,9
335052,"Proximates, Beef, T-Bone Steak, lean only, cooked, animal 15, lowerchoice",0,30,0,8
335054,"Proximates, Beef, T-Bone Steak, lean only, cooked, animal 26, lowerchoice",0,30,0,8
335056,"Proximates, Beef, T-Bone Steak, lean only, cooked, animal 27, lowerchoice",0,26,0,13
335058,"Proximates, Beef, T-Bone Steak, lean only, cooked, animal 33, lowerchoice",0,28,0,11
335060,"Proximates, Beef, T-Bone Steak, lean only, cooked, animal 34, lowerchoice",0,26,0,11
335061,"Beef, short loin, t-bone steak, bone-in, separable lean only, trimmed to 1/8"" fat, choice, cooked, grilled",219,27,0,11
335064,"Proximates, Beef, Porterhouse Steak, lean only, raw, animal 5, select",0,22,0,7
335080,"Proximates, Beef, Porterhouse Steak, lean only, raw, animal 10, select",0,24,0,5
335086,"Proximates, Beef, Porterhouse Steak, lean only, raw, animal 11, select",0,23,0,5
335088,"Proximates, Beef, Porterhouse Steak, lean only, raw, animal 16, select",0,24,0,4
335090,"Proximates, Beef, Porterhouse Steak, lean only, raw, animal 17, select",0,23,0,7
335092,"Proximates, Beef, Porterhouse Steak, lean only, raw, animal 18, select",0,24,0,4
335098,"Proximates, Beef, Porterhouse Steak, lean only, raw, animal 22, select",0,24,0,6
335100,"Proximates, Beef, Porterhouse Steak, lean only, raw, animal 23, select",0,22,0,6
335102,"Proximates, Beef, Porterhouse Steak, lean only, raw, animal 28, select",0,22,0,4
335104,"Proximates, Beef, Porterhouse Steak, lean only, raw, animal 29, select",0,22,0,5
335106,"Proximates, Beef, Porterhouse Steak, lean only, raw, animal 35, select",0,22,0,4
335108,"Proximates, Beef, Porterhouse Steak, lean only, raw, animal 36, select",0,21,0,7
335109,"Beef, short loin, porterhouse steak, separable lean only, trimmed to 1/8"" fat, select, raw",145,23,0,5
335240,"Bread, whole-wheat, commercially prepared",254,12,43,4
335241,"Beans, Dry, Dark Red Kidney, 11F-8074 (0% moisture)",0,27,0,1
335242,"Beans, Dry, Dark Red Kidney, 11F-8130 (0% moisture)",0,26,0,1
335243,"Beans, Dry, Dark Red Kidney, 11F-8040 (0% moisture)",0,25,0,1
335244,"Beans, Dry, Dark Red Kidney, 11F-8132 (0% moisture)",0,26,0,1
335245,"Beans, Dry, Dark Red Kidney (0% moisture)",0,26,0,1
335246,"Beans, Dry, Pink, 11F-8082 (0% moisture)",0,23,0,1
335247,"Beans, Dry, Pink, 11F-8190 (0% moisture)",0,25,0,1
335248,"Beans, Dry, Pink, 11F-8034 (0% moisture)",0,24,0,1
335249,"Beans, Dry, Pink, 11F-8188 (0% moisture)",0,25,0,1
335250,"Beans, Dry, Pink, 11F-8197 (0% moisture)",0,24,0,1
335251,"Beans, Dry, Pink, 11F-8197 (0% moisture)",0,24,0,1
335252,"Beans, Dry, Pink, 11F-8084 (0% moisture)",0,25,0,1
335253,"Beans, Dry, Pink, 11F-8193 (0% moisture)",0,24,0,1
335254,"Beans, Dry, Pink, 11F-8058 (0% moisture)",0,24,0,1
335255,"Beans, Dry, Pink, 11F-8149 (0% moisture)",0,25,0,1
335256,"Beans, Dry, Pink, 11F-8059 (0% moisture)",0,23,0,1
335257,"Beans, Dry, Pink, 11F-8124 (0% moisture)",0,24,0,1
335258,"Beans, Dry, Pink, 11F-8041 (0% moisture)",0,24,0,1
335259,"Beans, Dry, Pink, 11F-8156 (0% moisture)",0,25,0,1
335260,"Beans, Dry, Pink, 11F-8019 (0% moisture)",0,24,0,1
335261,"Beans, Dry, Pink, 11F-8136 (0% moisture)",0,24,0,1
335262,"Beans, Dry, Pink, 11F-8018 (0% moisture)",0,25,0,1
335263,"Beans, Dry, Pink, 11F-8187 (0% moisture)",0,24,0,1
335264,"Beans, Dry, Pink, 11F-8105 (0% moisture)",0,24,0,1
335265,"Beans, Dry, Pink, 11F-8105 (0% moisture)",0,24,0,1
335266,"Beans, Dry, Pink, 483 (0% moisture)",0,25,0,1
335267,"Beans, Dry, Pink, 641 (0% moisture)",0,22,0,1
335268,"Beans, Dry, Pink, 481 (0% moisture)",0,26,0,1
335269,"Beans, Dry, Pink, 817 (0% moisture)",0,25,0,1
335270,"Beans, Dry, Pink, 399 (0% moisture)",0,21,0,2
335271,"Beans, Dry, Pink, 779 (0% moisture)",0,22,0,2
335272,"Beans, Dry, Pink, 430 (0% moisture)",0,24,0,1
335273,"Beans, Dry, Pink, 699 (0% moisture)",0,24,0,1
335274,"Beans, Dry, Pink, 478 (0% moisture)",0,24,0,1
335275,"Beans, Dry, Pink, 803 (0% moisture)",0,24,0,1
335276,"Beans, Dry, Pink, 504 (0% moisture)",0,24,0,1
335277,"Beans, Dry, Pink, 636 (0% moisture)",0,21,0,1
335278,"Beans, Dry, Pink, 404 (0% moisture)",0,23,0,1
335279,"Beans, Dry, Pink, 794 (0% moisture)",0,24,0,1
335280,"Beans, Dry, Pink, 461 (0% moisture)",0,23,0,1
335281,"Beans, Dry, Pink, 629 (0% moisture)",0,23,0,1
335282,"Beans, Dry, Pink, 411 (0% moisture)",0,21,0,2
335283,"Beans, Dry, Pink, 732 (0% moisture)",0,23,0,1
335284,"Beans, Dry, Pink, 342 (0% moisture)",0,26,0,1
335285,"Beans, Dry, Pink, 342 (0% moisture)",0,26,0,1
335286,"Beans, Dry, Pink, 502 (0% moisture)",0,24,0,1
335287,"Beans, Dry, Pink, 819 (0% moisture)",0,26,0,1
335288,"Beans, Dry, Pink, 359 (0% moisture)",0,22,0,1
335289,"Beans, Dry, Pink, 687 (0% moisture)",0,21,0,1
335290,"Beans, Dry, Pink, 321 (0% moisture)",0,21,0,1
335291,"Beans, Dry, Pink, 739 (0% moisture)",0,22,0,1
335292,"Beans, Dry, Pink, 338 (0% moisture)",0,21,0,1
335293,"Beans, Dry, Pink, 712 (0% moisture)",0,21,0,1
335294,"Beans, Dry, Pink, 445 (0% moisture)",0,22,0,1
335295,"Beans, Dry, Pink, 796 (0% moisture)",0,22,0,1
335296,"Beans, Dry, Pink, 477 (0% moisture)",0,24,0,1
335297,"Beans, Dry, Pink, 752 (0% moisture)",0,23,0,1
335298,"Beans, Dry, Pink, 486 (0% moisture)",0,26,0,1
335299,"Beans, Dry, Pink, 701 (0% moisture)",0,23,0,1
335300,"Beans, Dry, Pink, 433 (0% moisture)",0,21,0,2
335301,"Beans, Dry, Pink, 725 (0% moisture)",0,22,0,2
335302,"Beans, Dry, Pink, 448 (0% moisture)",0,23,0,1
335303,"Beans, Dry, Pink, 652 (0% moisture)",0,21,0,1
335304,"Beans, Dry, Pink, 354 (0% moisture)",0,23,0,1
335305,"Beans, Dry, Pink, 664 (0% moisture)",0,22,0,1
335306,"Beans, Dry, Pink (0% moisture)",0,23,0,1
335307,"Beans, Dry, Navy, 11F-8043 (0% moisture)",0,24,0,1
335308,"Beans, Dry, Navy, 11F-8162 (0% moisture)",0,23,0,1
335309,"Beans, Dry, Navy, 11F-8007 (0% moisture)",0,25,0,1
335310,"Beans, Dry, Navy, 11F-8195 (0% moisture)",0,24,0,1
335311,"Beans, Dry, Navy, 11F-8027 (0% moisture)",0,26,0,1
335312,"Beans, Dry, Navy, 11F-8165 (0% moisture)",0,26,0,1
335313,"Beans, Dry, Navy, 11F-8098 (0% moisture)",0,24,0,1
335314,"Beans, Dry, Navy, 11F-8107 (0% moisture)",0,24,0,1
335315,"Beans, Dry, Navy, 11F-8028 (0% moisture)",0,24,0,1
335316,"Beans, Dry, Navy, 11F-8179 (0% moisture)",0,23,0,1
335317,"Beans, Dry, Navy, 11F-8030 (0% moisture)",0,26,0,2
335318,"Beans, Dry, Navy, 11F-8143 (0% moisture)",0,26,0,1
335319,"Beans, Dry, Navy, 11F-8004 (0% moisture)",0,26,0,1
335320,"Beans, Dry, Navy, 11F-8183 (0% moisture)",0,25,0,1
335321,"Beans, Dry, Navy, 287 (0% moisture)",0,26,0,2
335322,"Beans, Dry, Navy, 613 (0% moisture)",0,26,0,1
335323,"Beans, Dry, Navy, 289 (0% moisture)",0,23,0,2
335324,"Beans, Dry, Navy, 560 (0% moisture)",0,24,0,2
335325,"Beans, Dry, Navy, 279 (0% moisture)",0,23,0,2
335326,"Beans, Dry, Navy, 586 (0% moisture)",0,25,0,2
335327,"Beans, Dry, Navy, 233 (0% moisture)",0,21,0,2
335328,"Beans, Dry, Navy, 584 (0% moisture)",0,24,0,1
335329,"Beans, Dry, Navy, 229 (0% moisture)",0,22,0,2
335330,"Beans, Dry, Navy, 603 (0% moisture)",0,25,0,1
335331,"Beans, Dry, Navy, 299 (0% moisture)",0,25,0,2
335332,"Beans, Dry, Navy, 585 (0% moisture)",0,26,0,1
335333,"Beans, Dry, Navy, 292 (0% moisture)",0,25,0,2
335334,"Beans, Dry, Navy, 576 (0% moisture)",0,24,0,2
335335,"Beans, Dry, Navy, 261 (0% moisture)",0,23,0,2
335336,"Beans, Dry, Navy, 582 (0% moisture)",0,24,0,1
335337,"Beans, Dry, Navy, 230 (0% moisture)",0,23,0,2
335338,"Beans, Dry, Navy, 557 (0% moisture)",0,25,0,2
335339,"Beans, Dry, Navy, 242 (0% moisture)",0,24,0,2
335340,"Beans, Dry, Navy, 556 (0% moisture)",0,24,0,1
335341,"Beans, Dry, Navy, 320 (0% moisture)",0,26,0,2
335342,"Beans, Dry, Navy, 595 (0% moisture)",0,26,0,2
335343,"Beans, Dry, Navy, 311 (0% moisture)",0,24,0,2
335344,"Beans, Dry, Navy, 578 (0% moisture)",0,25,0,1
335345,"Beans, Dry, Navy, 280 (0% moisture)",0,22,0,2
335346,"Beans, Dry, Navy, 598 (0% moisture)",0,24,0,1
335347,"Beans, Dry, Navy, 245 (0% moisture)",0,23,0,1
335348,"Beans, Dry, Navy, 605 (0% moisture)",0,25,0,1
335349,"Beans, Dry, Navy, 262 (0% moisture)",0,22,0,2
335350,"Beans, Dry, Navy, 588 (0% moisture)",0,23,0,2
335351,"Beans, Dry, Navy, 284 (0% moisture)",0,24,0,2
335352,"Beans, Dry, Navy, 599 (0% moisture)",0,26,0,2
335353,"Beans, Dry, Navy, 256 (0% moisture)",0,24,0,1
335354,"Beans, Dry, Navy, 524 (0% moisture)",0,23,0,1
335355,"Beans, Dry, Navy, 476 (0% moisture)",0,26,0,2
335356,"Beans, Dry, Navy, 260 (0% moisture)",0,22,0,2
335357,"Beans, Dry, Navy, 771 (0% moisture)",0,24,0,2
335358,"Beans, Dry, Navy, 627 (0% moisture)",0,24,0,1
335359,"Beans, Dry, Navy, 255 (0% moisture)",0,24,0,1
335360,"Beans, Dry, Navy, 568 (0% moisture)",0,25,0,1
335361,"Beans, Dry, Navy, 294 (0% moisture)",0,23,0,2
335362,"Beans, Dry, Navy, 589 (0% moisture)",0,23,0,2
335363,"Beans, Dry, Navy, 246 (0% moisture)",0,21,0,2
335364,"Beans, Dry, Navy, 587 (0% moisture)",0,23,0,2
335365,"Beans, Dry, Navy, 236 (0% moisture)",0,23,0,2
335366,"Beans, Dry, Navy, 530 (0% moisture)",0,24,0,2
335367,"Beans, Dry, Navy, 241 (0% moisture)",0,27,0,1
335368,"Beans, Dry, Navy, 554 (0% moisture)",0,29,0,1
335369,"Beans, Dry, Navy, 234 (0% moisture)",0,22,0,2
335370,"Beans, Dry, Navy, 626 (0% moisture)",0,24,0,2
335371,"Beans, Dry, Navy, 228 (0% moisture)",0,24,0,2
335372,"Beans, Dry, Navy, 623 (0% moisture)",0,26,0,2
335373,"Beans, Dry, Navy, 268 (0% moisture)",0,24,0,1
335374,"Beans, Dry, Navy, 548 (0% moisture)",0,24,0,1
335375,"Beans, Dry, Navy, 386 (0% moisture)",0,22,0,1
335376,"Beans, Dry, Navy, 719 (0% moisture)",0,21,0,1
335377,"Beans, Dry, Navy, 253 (0% moisture)",0,26,0,1
335378,"Beans, Dry, Navy, 523 (0% moisture)",0,24,0,1
335379,"Beans, Dry, Navy, 319 (0% moisture)",0,22,0,2
335380,"Beans, Dry, Navy, 609 (0% moisture)",0,22,0,2
335381,"Beans, Dry, Navy, 422 (0% moisture)",0,24,0,2
335382,"Beans, Dry, Navy, 313 (0% moisture)",0,26,0,2
335383,"Beans, Dry, Navy, 721 (0% moisture)",0,24,0,2
335384,"Beans, Dry, Navy, 561 (0% moisture)",0,25,0,2
335385,"Beans, Dry, Navy, 283 (0% moisture)",0,25,0,1
335386,"Beans, Dry, Navy, 525 (0% moisture)",0,24,0,1
335387,"Beans, Dry, Navy, 264 (0% moisture)",0,23,0,2
335388,"Beans, Dry, Navy, 567 (0% moisture)",0,23,0,1
335389,"Beans, Dry, Navy, 226 (0% moisture)",0,23,0,2
335390,"Beans, Dry, Navy, 558 (0% moisture)",0,24,0,2
335391,"Beans, Dry, Navy, 281 (0% moisture)",0,25,0,2
335392,"Beans, Dry, Navy, 546 (0% moisture)",0,25,0,2
335393,"Beans, Dry, Navy, 295 (0% moisture)",0,24,0,1
335394,"Beans, Dry, Navy, 543 (0% moisture)",0,23,0,2
335395,"Beans, Dry, Navy, 220 (0% moisture)",0,25,0,2
335396,"Beans, Dry, Navy, 521 (0% moisture)",0,27,0,2
335397,"Beans, Dry, Navy, 213 (0% moisture)",0,24,0,1
335398,"Beans, Dry, Navy, 628 (0% moisture)",0,27,0,1
335399,"Beans, Dry, Navy, 237 (0% moisture)",0,24,0,2
335400,"Beans, Dry, Navy, 532 (0% moisture)",0,24,0,2
335401,"Beans, Dry, Navy, 316 (0% moisture)",0,24,0,2
335402,"Beans, Dry, Navy, 535 (0% moisture)",0,24,0,1
335403,"Beans, Dry, Navy, 290 (0% moisture)",0,25,0,1
335404,"Beans, Dry, Navy, 539 (0% moisture)",0,24,0,1
335405,"Beans, Dry, Navy, 307 (0% moisture)",0,25,0,2
335406,"Beans, Dry, Navy, 614 (0% moisture)",0,25,0,2
335407,"Beans, Dry, Navy, 252 (0% moisture)",0,23,0,1
335408,"Beans, Dry, Navy, 565 (0% moisture)",0,24,0,2
335409,"Beans, Dry, Navy, 277 (0% moisture)",0,25,0,1
335410,"Beans, Dry, Navy, 559 (0% moisture)",0,25,0,1
335411,"Beans, Dry, Navy, 216 (0% moisture)",0,20,0,2
335412,"Beans, Dry, Navy, 541 (0% moisture)",0,21,0,2
335413,"Beans, Dry, Navy, 312 (0% moisture)",0,22,0,1
335414,"Beans, Dry, Navy, 551 (0% moisture)",0,23,0,2
335415,"Beans, Dry, Navy, 257 (0% moisture)",0,22,0,2
335416,"Beans, Dry, Navy, 555 (0% moisture)",0,25,0,1
335417,"Beans, Dry, Navy, 308 (0% moisture)",0,24,0,1
335418,"Beans, Dry, Navy, 612 (0% moisture)",0,22,0,1
335419,"Beans, Dry, Navy (0% moisture)",0,24,0,2
335420,"Beans, Dry, Light Red Kidney, 11F-8186 (0% moisture)",0,25,0,1
335421,"Beans, Dry, Light Red Kidney, 11F-8186 (0% moisture)",0,25,0,1
335422,"Beans, Dry, Light Red Kidney (0% moisture)",0,25,0,1
335423,"Beans, Dry, Brown, 351 (0% moisture)",0,25,0,1
335424,"Beans, Dry, Brown, 679 (0% moisture)",0,26,0,1
335425,"Beans, Dry, Brown (0% moisture)",0,26,0,1
335426,"Beans, Dry, Flor de Mayo, 443 (0% moisture)",0,23,0,1
335427,"Beans, Dry, Flor de Mayo, 823 (0% moisture)",0,23,0,1
335428,"Beans, Dry, Flor de Mayo (0% moisture)",0,23,0,1
335429,"Beans, Dry, Carioca, 11F-8001 (0% moisture)",0,25,0,2
335430,"Beans, Dry, Carioca, 11F-8104 (0% moisture)",0,25,0,1
335431,"Beans, Dry, Carioca, 217 (0% moisture)",0,26,0,1
335432,"Beans, Dry, Carioca, 622 (0% moisture)",0,25,0,1
335433,"Beans, Dry, Carioca (0% moisture)",0,25,0,1
335434,"Beans, Dry, Tan, 11F-8005 (0% moisture)",0,28,0,1
335435,"Beans, Dry, Tan, 11F-8175 (0% moisture)",0,28,0,1
335436,"Beans, Dry, Tan, 11F-8042 (0% moisture)",0,25,0,1
335437,"Beans, Dry, Tan, 11F-8148 (0% moisture)",0,26,0,1
335438,"Beans, Dry, Tan, 302 (0% moisture)",0,28,0,1
335439,"Beans, Dry, Tan, 540 (0% moisture)",0,26,0,1
335440,"Beans, Dry, Tan, 231 (0% moisture)",0,27,0,1
335441,"Beans, Dry, Tan, 577 (0% moisture)",0,26,0,1
335442,"Beans, Dry, Tan (0% moisture)",0,27,0,1
335443,"Beans, Dry, Pinto, 11F-8006 (0% moisture)",0,24,0,1
335444,"Beans, Dry, Pinto, 11F-8106 (0% moisture)",0,24,0,1
335445,"Beans, Dry, Pinto, 11F-8091 (0% moisture)",0,26,0,1
335446,"Beans, Dry, Pinto, 11F-8147 (0% moisture)",0,27,0,1
335447,"Beans, Dry, Pinto, 11F-8075 (0% moisture)",0,23,0,1
335448,"Beans, Dry, Pinto, 11F-8157 (0% moisture)",0,24,0,1
335449,"Beans, Dry, Pinto, 11F-8096 (0% moisture)",0,24,0,1
335450,"Beans, Dry, Pinto, 11F-8191 (0% moisture)",0,24,0,1
335451,"Beans, Dry, Pinto, 11F-8012 (0% moisture)",0,27,0,1
335452,"Beans, Dry, Pinto, 11F-8170 (0% moisture)",0,27,0,1
335453,"Beans, Dry, Pinto, 11F-8099 (0% moisture)",0,27,0,1
335454,"Beans, Dry, Pinto, 11F-8114 (0% moisture)",0,29,0,2
335455,"Beans, Dry, Pinto, 11F-8024 (0% moisture)",0,24,0,1
335456,"Beans, Dry, Pinto, 11F-8151 (0% moisture)",0,25,0,1
335457,"Beans, Dry, Pinto, 11F-8081 (0% moisture)",0,24,0,1
335458,"Beans, Dry, Pinto, 11F-8133 (0% moisture)",0,24,0,1
335459,"Beans, Dry, Pinto, 11F-8035 (0% moisture)",0,22,0,1
335460,"Beans, Dry, Pinto, 11F-8164 (0% moisture)",0,24,0,1
335461,"Beans, Dry, Pinto, 11F-8048 (0% moisture)",0,26,0,1
335462,"Beans, Dry, Pinto, 11F-8144 (0% moisture)",0,26,0,1
335463,"Beans, Dry, Pinto, 11F-8088 (0% moisture)",0,24,0,1
335464,"Beans, Dry, Pinto, 11F-8159 (0% moisture)",0,24,0,1
335465,"Beans, Dry, Pinto, 11F-8069 (0% moisture)",0,24,0,1
335466,"Beans, Dry, Pinto, 11F-8101 (0% moisture)",0,25,0,1
335467,"Beans, Dry, Pinto, 11F-8089 (0% moisture)",0,25,0,1
335468,"Beans, Dry, Pinto, 11F-8167 (0% moisture)",0,24,0,1
335469,"Beans, Dry, Pinto, 11F-8094 (0% moisture)",0,24,0,1
335470,"Beans, Dry, Pinto, 11F-8121 (0% moisture)",0,24,0,1
335471,"Beans, Dry, Pinto, 11F-8049 (0% moisture)",0,25,0,1
335472,"Beans, Dry, Pinto, 11F-8176 (0% moisture)",0,25,0,1
335473,"Beans, Dry, Pinto, 11F-8095 (0% moisture)",0,24,0,1
335474,"Beans, Dry, Pinto, 11F-8173 (0% moisture)",0,25,0,1
335475,"Beans, Dry, Pinto, 11F-8038 (0% moisture)",0,24,0,1
335476,"Beans, Dry, Pinto, 11F-8196 (0% moisture)",0,25,0,2
335477,"Beans, Dry, Pinto, 11F-8047 (0% moisture)",0,27,0,1
335478,"Beans, Dry, Pinto, 11F-8108 (0% moisture)",0,28,0,1
335479,"Beans, Dry, Pinto, 11F-8031 (0% moisture)",0,22,0,1
335480,"Beans, Dry, Pinto, 11F-8120 (0% moisture)",0,23,0,2
335481,"Beans, Dry, Pinto, 11F-8078 (0% moisture)",0,22,0,1
335482,"Beans, Dry, Pinto, 11F-8100 (0% moisture)",0,22,0,1
335483,"Beans, Dry, Pinto, 11F-8032 (0% moisture)",0,22,0,1
335484,"Beans, Dry, Pinto, 11F-8109 (0% moisture)",0,23,0,1
335485,"Beans, Dry, Pinto, 11F-8037 (0% moisture)",0,21,0,1
335486,"Beans, Dry, Pinto, 11F-8182 (0% moisture)",0,22,0,1
335487,"Beans, Dry, Pinto, 11F-8054 (0% moisture)",0,24,0,1
335488,"Beans, Dry, Pinto, 11F-8181 (0% moisture)",0,25,0,1
335489,"Beans, Dry, Pinto, 11F-8055 (0% moisture)",0,22,0,1
335490,"Beans, Dry, Pinto, 11F-8166 (0% moisture)",0,23,0,1
335491,"Beans, Dry, Pinto, 11F-8079 (0% moisture)",0,22,0,1
335492,"Beans, Dry, Pinto, 11F-8118 (0% moisture)",0,24,0,1
335493,"Beans, Dry, Pinto, 11F-8026 (0% moisture)",0,25,0,1
335494,"Beans, Dry, Pinto, 11F-8103 (0% moisture)",0,25,0,1
335495,"Beans, Dry, Pinto, 11F-8070 (0% moisture)",0,25,0,1
335496,"Beans, Dry, Pinto, 11F-8198 (0% moisture)",0,25,0,1
335497,"Beans, Dry, Pinto, 11F-8083 (0% moisture)",0,24,0,1
335498,"Beans, Dry, Pinto, 11F-8126 (0% moisture)",0,24,0,1
335499,"Beans, Dry, Pinto, 11F-8076 (0% moisture)",0,25,0,1
335500,"Beans, Dry, Pinto, 11F-8178 (0% moisture)",0,25,0,1
335501,"Beans, Dry, Pinto, 11F-8065 (0% moisture)",0,22,0,1
335502,"Beans, Dry, Pinto, 11F-8102 (0% moisture)",0,23,0,1
335503,"Beans, Dry, Pinto, 11F-8072 (0% moisture)",0,23,0,1
335504,"Beans, Dry, Pinto, 11F-8189 (0% moisture)",0,22,0,1
335505,"Beans, Dry, Pinto, 465 (0% moisture)",0,29,0,1
335506,"Beans, Dry, Pinto, 761 (0% moisture)",0,28,0,1
335507,"Beans, Dry, Pinto, 435 (0% moisture)",0,23,0,1
335508,"Beans, Dry, Pinto, 743 (0% moisture)",0,22,0,1
335509,"Beans, Dry, Pinto, 326 (0% moisture)",0,20,0,1
335510,"Beans, Dry, Pinto, 667 (0% moisture)",0,20,0,1
335511,"Beans, Dry, Pinto, 365 (0% moisture)",0,22,0,1
335512,"Beans, Dry, Pinto, 696 (0% moisture)",0,22,0,1
335513,"Beans, Dry, Pinto, 334 (0% moisture)",0,20,0,1
335514,"Beans, Dry, Pinto, 684 (0% moisture)",0,22,0,1
335515,"Beans, Dry, Pinto, 360 (0% moisture)",0,22,0,1
335516,"Beans, Dry, Pinto, 784 (0% moisture)",0,25,0,1
335517,"Beans, Dry, Pinto, 436 (0% moisture)",0,22,0,1
335518,"Beans, Dry, Pinto, 825 (0% moisture)",0,24,0,1
335519,"Beans, Dry, Pinto, 377 (0% moisture)",0,22,0,1
335520,"Beans, Dry, Pinto, 805 (0% moisture)",0,23,0,1
335521,"Beans, Dry, Pinto, 462 (0% moisture)",0,26,0,1
335522,"Beans, Dry, Pinto, 633 (0% moisture)",0,25,0,1
335523,"Beans, Dry, Pinto, 270 (0% moisture)",0,25,0,1
335524,"Beans, Dry, Pinto, 442 (0% moisture)",0,25,0,1
335525,"Beans, Dry, Pinto, 591 (0% moisture)",0,26,0,1
335526,"Beans, Dry, Pinto, 814 (0% moisture)",0,27,0,1
335527,"Beans, Dry, Pinto, 503 (0% moisture)",0,24,0,1
335528,"Beans, Dry, Pinto, 676 (0% moisture)",0,22,0,1
335529,"Beans, Dry, Pinto, 356 (0% moisture)",0,24,0,1
335530,"Beans, Dry, Pinto, 816 (0% moisture)",0,25,0,1
335531,"Beans, Dry, Pinto, 218 (0% moisture)",0,21,0,1
335532,"Beans, Dry, Pinto, 563 (0% moisture)",0,24,0,1
335533,"Beans, Dry, Pinto, 366 (0% moisture)",0,24,0,2
335534,"Beans, Dry, Pinto, 717 (0% moisture)",0,24,0,1
335535,"Beans, Dry, Pinto, 437 (0% moisture)",0,25,0,1
335536,"Beans, Dry, Pinto, 657 (0% moisture)",0,25,0,1
335537,"Beans, Dry, Pinto, 456 (0% moisture)",0,24,0,1
335538,"Beans, Dry, Pinto, 700 (0% moisture)",0,23,0,1
335539,"Beans, Dry, Pinto, 394 (0% moisture)",0,26,0,1
335540,"Beans, Dry, Pinto, 735 (0% moisture)",0,27,0,1
335541,"Beans, Dry, Pinto, 391 (0% moisture)",0,25,0,1
335542,"Beans, Dry, Pinto, 702 (0% moisture)",0,26,0,1
335543,"Beans, Dry, Pinto, 361 (0% moisture)",0,22,0,2
335544,"Beans, Dry, Pinto, 747 (0% moisture)",0,23,0,2
335545,"Beans, Dry, Pinto, 358 (0% moisture)",0,20,0,1
335546,"Beans, Dry, Pinto, 720 (0% moisture)",0,22,0,1
335547,"Beans, Dry, Pinto, 398 (0% moisture)",0,28,0,1
335548,"Beans, Dry, Pinto, 765 (0% moisture)",0,25,0,1
335549,"Beans, Dry, Pinto, 516 (0% moisture)",0,26,0,1
335550,"Beans, Dry, Pinto, 776 (0% moisture)",0,22,0,1
335551,"Beans, Dry, Pinto, 389 (0% moisture)",0,21,0,1
335552,"Beans, Dry, Pinto, 736 (0% moisture)",0,23,0,1
335553,"Beans, Dry, Pinto, 452 (0% moisture)",0,23,0,1
335554,"Beans, Dry, Pinto, 728 (0% moisture)",0,22,0,1
335555,"Beans, Dry, Pinto, 497 (0% moisture)",0,25,0,1
335556,"Beans, Dry, Pinto, 715 (0% moisture)",0,21,0,1
335557,"Beans, Dry, Pinto, 373 (0% moisture)",0,26,0,1
335558,"Beans, Dry, Pinto, 821 (0% moisture)",0,27,0,1
335559,"Beans, Dry, Pinto, 479 (0% moisture)",0,23,0,1
335560,"Beans, Dry, Pinto, 734 (0% moisture)",0,24,0,1
335561,"Beans, Dry, Pinto, 368 (0% moisture)",0,23,0,1
335562,"Beans, Dry, Pinto, 640 (0% moisture)",0,23,0,1
335563,"Beans, Dry, Pinto, 510 (0% moisture)",0,26,0,1
335564,"Beans, Dry, Pinto, 718 (0% moisture)",0,24,0,1
335565,"Beans, Dry, Pinto, 426 (0% moisture)",0,25,0,1
335566,"Beans, Dry, Pinto, 783 (0% moisture)",0,23,0,1
335567,"Beans, Dry, Pinto, 498 (0% moisture)",0,24,0,1
335568,"Beans, Dry, Pinto, 634 (0% moisture)",0,20,0,1
335569,"Beans, Dry, Pinto, 427 (0% moisture)",0,22,0,1
335570,"Beans, Dry, Pinto, 695 (0% moisture)",0,21,0,1
335571,"Beans, Dry, Pinto, 382 (0% moisture)",0,22,0,1
335572,"Beans, Dry, Pinto, 661 (0% moisture)",0,21,0,1
335573,"Beans, Dry, Pinto, 464 (0% moisture)",0,22,0,1
335574,"Beans, Dry, Pinto, 770 (0% moisture)",0,22,0,1
335575,"Beans, Dry, Pinto, 455 (0% moisture)",0,24,0,1
335576,"Beans, Dry, Pinto, 639 (0% moisture)",0,22,0,1
335577,"Beans, Dry, Pinto, 469 (0% moisture)",0,23,0,1
335578,"Beans, Dry, Pinto, 758 (0% moisture)",0,24,0,1
335579,"Beans, Dry, Pinto, 355 (0% moisture)",0,20,0,1
335580,"Beans, Dry, Pinto, 632 (0% moisture)",0,19,0,1
335581,"Beans, Dry, Pinto, 511 (0% moisture)",0,25,0,1
335582,"Beans, Dry, Pinto, 815 (0% moisture)",0,23,0,1
335583,"Beans, Dry, Pinto, 325 (0% moisture)",0,21,0,1
335584,"Beans, Dry, Pinto, 751 (0% moisture)",0,23,0,1
335585,"Beans, Dry, Pinto, 349 (0% moisture)",0,24,0,1
335586,"Beans, Dry, Pinto, 714 (0% moisture)",0,25,0,1
335587,"Beans, Dry, Pinto, 408 (0% moisture)",0,25,0,1
335588,"Beans, Dry, Pinto, 711 (0% moisture)",0,25,0,1
335589,"Beans, Dry, Pinto, 480 (0% moisture)",0,25,0,1
335590,"Beans, Dry, Pinto, 808 (0% moisture)",0,26,0,1
335591,"Beans, Dry, Pinto, 499 (0% moisture)",0,24,0,1
335592,"Beans, Dry, Pinto, 710 (0% moisture)",0,25,0,1
335593,"Beans, Dry, Pinto, 343 (0% moisture)",0,25,0,1
335594,"Beans, Dry, Pinto, 764 (0% moisture)",0,25,0,1
335595,"Beans, Dry, Pinto, 468 (0% moisture)",0,31,0,1
335596,"Beans, Dry, Pinto, 773 (0% moisture)",0,28,0,1
335597,"Beans, Dry, Pinto, 371 (0% moisture)",0,26,0,1
335598,"Beans, Dry, Pinto, 669 (0% moisture)",0,26,0,1
335599,"Beans, Dry, Pinto, 421 (0% moisture)",0,23,0,1
335600,"Beans, Dry, Pinto, 663 (0% moisture)",0,22,0,1
335601,"Beans, Dry, Pinto, 340 (0% moisture)",0,25,0,1
335602,"Beans, Dry, Pinto, 704 (0% moisture)",0,27,0,1
335603,"Beans, Dry, Pinto, 362 (0% moisture)",0,23,0,1
335604,"Beans, Dry, Pinto, 665 (0% moisture)",0,22,0,1
335605,"Beans, Dry, Pinto, 432 (0% moisture)",0,28,0,1
335606,"Beans, Dry, Pinto, 787 (0% moisture)",0,29,0,1
335607,"Beans, Dry, Pinto, 336 (0% moisture)",0,26,0,1
335608,"Beans, Dry, Pinto, 793 (0% moisture)",0,28,0,1
335609,"Beans, Dry, Pinto, 466 (0% moisture)",0,26,0,1
335610,"Beans, Dry, Pinto, 820 (0% moisture)",0,25,0,1
335611,"Beans, Dry, Pinto, 450 (0% moisture)",0,22,0,1
335612,"Beans, Dry, Pinto, 801 (0% moisture)",0,24,0,1
335613,"Beans, Dry, Pinto, 484 (0% moisture)",0,24,0,1
335614,"Beans, Dry, Pinto, 729 (0% moisture)",0,24,0,1
335615,"Beans, Dry, Pinto, 322 (0% moisture)",0,21,0,1
335616,"Beans, Dry, Pinto, 678 (0% moisture)",0,22,0,1
335617,"Beans, Dry, Pinto, 494 (0% moisture)",0,25,0,1
335618,"Beans, Dry, Pinto, 809 (0% moisture)",0,25,0,1
335619,"Beans, Dry, Pinto, 496 (0% moisture)",0,24,0,1
335620,"Beans, Dry, Pinto, 727 (0% moisture)",0,22,0,1
335621,"Beans, Dry, Pinto, 482 (0% moisture)",0,20,0,1
335622,"Beans, Dry, Pinto, 647 (0% moisture)",0,22,0,1
335623,"Beans, Dry, Pinto, 513 (0% moisture)",0,24,0,1
335624,"Beans, Dry, Pinto, 660 (0% moisture)",0,21,0,1
335625,"Beans, Dry, Pinto, 489 (0% moisture)",0,20,0,1
335626,"Beans, Dry, Pinto, 738 (0% moisture)",0,22,0,1
335627,"Beans, Dry, Pinto, 492 (0% moisture)",0,24,0,1
335628,"Beans, Dry, Pinto, 650 (0% moisture)",0,23,0,2
335629,"Beans, Dry, Pinto, 463 (0% moisture)",0,26,0,1
335630,"Beans, Dry, Pinto, 653 (0% moisture)",0,21,0,1
335631,"Beans, Dry, Pinto, 440 (0% moisture)",0,21,0,2
335632,"Beans, Dry, Pinto, 709 (0% moisture)",0,22,0,1
335633,"Beans, Dry, Pinto, 517 (0% moisture)",0,25,0,1
335634,"Beans, Dry, Pinto, 724 (0% moisture)",0,26,0,1
335635,"Beans, Dry, Pinto, 454 (0% moisture)",0,23,0,1
335636,"Beans, Dry, Pinto, 812 (0% moisture)",0,22,0,1
335637,"Beans, Dry, Pinto, 353 (0% moisture)",0,22,0,1
335638,"Beans, Dry, Pinto, 692 (0% moisture)",0,21,0,2
335639,"Beans, Dry, Pinto, 506 (0% moisture)",0,28,0,1
335640,"Beans, Dry, Pinto, 642 (0% moisture)",0,22,0,1
335641,"Beans, Dry, Pinto, 420 (0% moisture)",0,23,0,1
335642,"Beans, Dry, Pinto, 795 (0% moisture)",0,23,0,1
335643,"Beans, Dry, Pinto, 224 (0% moisture)",0,22,0,1
335644,"Beans, Dry, Pinto, 413 (0% moisture)",0,23,0,1
335645,"Beans, Dry, Pinto, 621 (0% moisture)",0,25,0,1
335646,"Beans, Dry, Pinto, 744 (0% moisture)",0,24,0,1
335647,"Beans, Dry, Pinto, 451 (0% moisture)",0,24,0,1
335648,"Beans, Dry, Pinto, 691 (0% moisture)",0,24,0,1
335649,"Beans, Dry, Pinto, 512 (0% moisture)",0,26,0,1
335650,"Beans, Dry, Pinto, 749 (0% moisture)",0,25,0,1
335651,"Beans, Dry, Pinto, 388 (0% moisture)",0,24,0,1
335652,"Beans, Dry, Pinto, 659 (0% moisture)",0,22,0,1
335653,"Beans, Dry, Pinto, 352 (0% moisture)",0,24,0,1
335654,"Beans, Dry, Pinto, 802 (0% moisture)",0,25,0,1
335655,"Beans, Dry, Pinto, 416 (0% moisture)",0,26,0,1
335656,"Beans, Dry, Pinto, 754 (0% moisture)",0,23,0,1
335657,"Beans, Dry, Pinto, 333 (0% moisture)",0,22,0,1
335658,"Beans, Dry, Pinto, 643 (0% moisture)",0,23,0,1
335659,"Beans, Dry, Pinto, 425 (0% moisture)",0,26,0,1
335660,"Beans, Dry, Pinto, 708 (0% moisture)",0,26,0,1
335661,"Beans, Dry, Pinto, 367 (0% moisture)",0,23,0,1
335662,"Beans, Dry, Pinto, 807 (0% moisture)",0,25,0,1
335663,"Beans, Dry, Pinto, 324 (0% moisture)",0,19,0,1
335664,"Beans, Dry, Pinto, 668 (0% moisture)",0,20,0,1
335665,"Beans, Dry, Pinto, 397 (0% moisture)",0,24,0,1
335666,"Beans, Dry, Pinto, 733 (0% moisture)",0,20,0,1
335667,"Beans, Dry, Pinto, 414 (0% moisture)",0,25,0,1
335668,"Beans, Dry, Pinto, 671 (0% moisture)",0,21,0,1
335669,"Beans, Dry, Pinto, 428 (0% moisture)",0,21,0,1
335670,"Beans, Dry, Pinto, 681 (0% moisture)",0,21,0,1
335671,"Beans, Dry, Pinto, 459 (0% moisture)",0,21,0,1
335672,"Beans, Dry, Pinto, 775 (0% moisture)",0,21,0,1
335673,"Beans, Dry, Pinto, 390 (0% moisture)",0,22,0,1
335674,"Beans, Dry, Pinto, 631 (0% moisture)",0,21,0,1
335675,"Beans, Dry, Pinto, 410 (0% moisture)",0,24,0,1
335676,"Beans, Dry, Pinto, 782 (0% moisture)",0,24,0,1
335677,"Beans, Dry, Pinto, 381 (0% moisture)",0,22,0,1
335678,"Beans, Dry, Pinto, 781 (0% moisture)",0,23,0,1
335679,"Beans, Dry, Pinto, 515 (0% moisture)",0,26,0,1
335680,"Beans, Dry, Pinto, 740 (0% moisture)",0,24,0,1
335681,"Beans, Dry, Pinto, 383 (0% moisture)",0,23,0,1
335682,"Beans, Dry, Pinto, 810 (0% moisture)",0,24,0,1
335683,"Beans, Dry, Pinto, 520 (0% moisture)",0,23,0,1
335684,"Beans, Dry, Pinto, 686 (0% moisture)",0,22,0,1
335685,"Beans, Dry, Pinto, 372 (0% moisture)",0,22,0,1
335686,"Beans, Dry, Pinto, 791 (0% moisture)",0,23,0,1
335687,"Beans, Dry, Pinto, 475 (0% moisture)",0,27,0,1
335688,"Beans, Dry, Pinto, 677 (0% moisture)",0,25,0,1
335689,"Beans, Dry, Pinto, 329 (0% moisture)",0,22,0,2
335690,"Beans, Dry, Pinto, 682 (0% moisture)",0,22,0,1
335691,"Beans, Dry, Pinto, 393 (0% moisture)",0,23,0,1
335692,"Beans, Dry, Pinto, 705 (0% moisture)",0,24,0,1
335693,"Beans, Dry, Pinto, 328 (0% moisture)",0,23,0,1
335694,"Beans, Dry, Pinto, 630 (0% moisture)",0,22,0,1
335695,"Beans, Dry, Pinto (0% moisture)",0,24,0,1
335696,"Beans, Dry, Small Red, 11F-8014 (0% moisture)",0,23,0,1
335697,"Beans, Dry, Small Red, 11F-8142 (0% moisture)",0,24,0,1
335698,"Beans, Dry, Small Red, 11F-8021 (0% moisture)",0,23,0,1
335699,"Beans, Dry, Small Red, 11F-8111 (0% moisture)",0,22,0,1
335700,"Beans, Dry, Small Red, 11F-8009 (0% moisture)",0,24,0,1
335701,"Beans, Dry, Small Red, 11F-8153 (0% moisture)",0,24,0,1
335702,"Beans, Dry, Small Red, 11F-8017 (0% moisture)",0,25,0,2
335703,"Beans, Dry, Small Red, 11F-8169 (0% moisture)",0,26,0,1
335704,"Beans, Dry, Small Red, 11F-8073 (0% moisture)",0,22,0,1
335705,"Beans, Dry, Small Red, 11F-8154 (0% moisture)",0,24,0,1
335706,"Beans, Dry, Small Red, 11F-8011 (0% moisture)",0,24,0,1
335707,"Beans, Dry, Small Red, 11F-8115 (0% moisture)",0,24,0,1
335708,"Beans, Dry, Small Red, 11F-8050 (0% moisture)",0,26,0,1
335709,"Beans, Dry, Small Red, 11F-8161 (0% moisture)",0,26,0,1
335710,"Beans, Dry, Small Red, 11F-8033 (0% moisture)",0,24,0,1
335711,"Beans, Dry, Small Red, 11F-8199 (0% moisture)",0,25,0,1
335712,"Beans, Dry, Small Red, 11F-8056 (0% moisture)",0,24,0,1
335713,"Beans, Dry, Small Red, 11F-8137 (0% moisture)",0,24,0,1
335714,"Beans, Dry, Small Red, 400 (0% moisture)",0,22,0,1
335715,"Beans, Dry, Small Red, 772 (0% moisture)",0,22,0,1
335716,"Beans, Dry, Small Red, 470 (0% moisture)",0,24,0,1
335717,"Beans, Dry, Small Red, 798 (0% moisture)",0,25,0,1
335718,"Beans, Dry, Small Red, 431 (0% moisture)",0,23,0,2
335719,"Beans, Dry, Small Red, 813 (0% moisture)",0,23,0,2
335720,"Beans, Dry, Small Red, 505 (0% moisture)",0,25,0,2
335721,"Beans, Dry, Small Red, 731 (0% moisture)",0,22,0,2
335722,"Beans, Dry, Small Red, 509 (0% moisture)",0,23,0,1
335723,"Beans, Dry, Small Red, 690 (0% moisture)",0,25,0,1
335724,"Beans, Dry, Small Red, 500 (0% moisture)",0,25,0,1
335725,"Beans, Dry, Small Red, 769 (0% moisture)",0,25,0,1
335726,"Beans, Dry, Small Red, 417 (0% moisture)",0,27,0,1
335727,"Beans, Dry, Small Red, 674 (0% moisture)",0,28,0,1
335728,"Beans, Dry, Small Red, 409 (0% moisture)",0,24,0,1
335729,"Beans, Dry, Small Red, 806 (0% moisture)",0,26,0,1
335730,"Beans, Dry, Small Red, 419 (0% moisture)",0,28,0,1
335731,"Beans, Dry, Small Red, 799 (0% moisture)",0,28,0,1
335732,"Beans, Dry, Small Red, 344 (0% moisture)",0,25,0,1
335733,"Beans, Dry, Small Red, 698 (0% moisture)",0,24,0,1
335734,"Beans, Dry, Small Red, 376 (0% moisture)",0,23,0,2
335735,"Beans, Dry, Small Red, 685 (0% moisture)",0,23,0,1
335736,"Beans, Dry, Small Red, 491 (0% moisture)",0,23,0,2
335737,"Beans, Dry, Small Red, 673 (0% moisture)",0,23,0,1
335738,"Beans, Dry, Small Red, 357 (0% moisture)",0,25,0,1
335739,"Beans, Dry, Small Red, 760 (0% moisture)",0,26,0,1
335740,"Beans, Dry, Small Red, 240 (0% moisture)",0,20,0,2
335741,"Beans, Dry, Small Red, 330 (0% moisture)",0,21,0,2
335742,"Beans, Dry, Small Red, 606 (0% moisture)",0,23,0,2
335743,"Beans, Dry, Small Red, 797 (0% moisture)",0,21,0,2
335744,"Beans, Dry, Small Red, 488 (0% moisture)",0,26,0,1
335745,"Beans, Dry, Small Red, 722 (0% moisture)",0,24,0,1
335746,"Beans, Dry, Small Red, 473 (0% moisture)",0,24,0,1
335747,"Beans, Dry, Small Red, 804 (0% moisture)",0,23,0,1
335748,"Beans, Dry, Small Red, 405 (0% moisture)",0,22,0,1
335749,"Beans, Dry, Small Red, 755 (0% moisture)",0,22,0,1
335750,"Beans, Dry, Small Red, 487 (0% moisture)",0,23,0,1
335751,"Beans, Dry, Small Red, 646 (0% moisture)",0,22,0,1
335752,"Beans, Dry, Small Red, 508 (0% moisture)",0,23,0,1
335753,"Beans, Dry, Small Red, 670 (0% moisture)",0,23,0,1
335754,"Beans, Dry, Small Red, 374 (0% moisture)",0,22,0,1
335755,"Beans, Dry, Small Red, 746 (0% moisture)",0,22,0,1
335756,"Beans, Dry, Small Red, 370 (0% moisture)",0,23,0,1
335757,"Beans, Dry, Small Red, 786 (0% moisture)",0,22,0,1
335758,"Beans, Dry, Small Red, 347 (0% moisture)",0,22,0,1
335759,"Beans, Dry, Small Red, 649 (0% moisture)",0,22,0,1
335760,"Beans, Dry, Small Red, 403 (0% moisture)",0,22,0,1
335761,"Beans, Dry, Small Red, 759 (0% moisture)",0,24,0,1
335762,"Beans, Dry, Small Red, 332 (0% moisture)",0,22,0,1
335763,"Beans, Dry, Small Red, 635 (0% moisture)",0,21,0,1
335764,"Beans, Dry, Small Red, 493 (0% moisture)",0,21,0,1
335765,"Beans, Dry, Small Red, 811 (0% moisture)",0,24,0,1
335766,"Beans, Dry, Small Red, 439 (0% moisture)",0,20,0,1
335767,"Beans, Dry, Small Red, 774 (0% moisture)",0,25,0,1
335768,"Beans, Dry, Small Red, 369 (0% moisture)",0,24,0,2
335769,"Beans, Dry, Small Red, 785 (0% moisture)",0,25,0,2
335770,"Beans, Dry, Small Red, 471 (0% moisture)",0,21,0,1
335771,"Beans, Dry, Small Red, 757 (0% moisture)",0,22,0,1
335772,"Beans, Dry, Small Red, 323 (0% moisture)",0,23,0,1
335773,"Beans, Dry, Small Red, 703 (0% moisture)",0,24,0,1
335774,"Beans, Dry, Small Red (0% moisture)",0,24,0,1
335775,"Beans, Dry, Medium Red, 490 (0% moisture)",0,26,0,1
335776,"Beans, Dry, Medium Red, 756 (0% moisture)",0,25,0,1
335777,"Beans, Dry, Medium Red (0% moisture)",0,26,0,1
335778,"Beans, Dry, Cranberry, 11F-8022 (0% moisture)",0,23,0,1
335779,"Beans, Dry, Cranberry, 11F-8131 (0% moisture)",0,26,0,1
335780,"Beans, Dry, Cranberry, 378 (0% moisture)",0,24,0,1
335781,"Beans, Dry, Cranberry, 750 (0% moisture)",0,25,0,1
335782,"Beans, Dry, Cranberry (0% moisture)",0,24,0,1
335783,"Beans, Dry, Light Tan, 11F-8086 (0% moisture)",0,24,0,1
335784,"Beans, Dry, Light Tan, 11F-8174 (0% moisture)",0,25,0,1
335785,"Beans, Dry, Light Tan (0% moisture)",0,25,0,1
335786,"Beans, Dry, Black, 11F-8045 (0% moisture)",0,26,0,2
335787,"Beans, Dry, Black, 11F-8177 (0% moisture)",0,26,0,1
335788,"Beans, Dry, Black, 11F-8036 (0% moisture)",0,23,0,1
335789,"Beans, Dry, Black, 11F-8122 (0% moisture)",0,24,0,1
335790,"Beans, Dry, Black, 11F-8003 (0% moisture)",0,24,0,2
335791,"Beans, Dry, Black, 11F-8117 (0% moisture)",0,25,0,1
335792,"Beans, Dry, Black, 11F-8016 (0% moisture)",0,22,0,2
335793,"Beans, Dry, Black, 11F-8112 (0% moisture)",0,22,0,1
335794,"Beans, Dry, Black, 11F-8013 (0% moisture)",0,26,0,1
335795,"Beans, Dry, Black, 11F-8180 (0% moisture)",0,26,0,2
335796,"Beans, Dry, Black, 11F-8039 (0% moisture)",0,26,0,1
335797,"Beans, Dry, Black, 11F-8116 (0% moisture)",0,26,0,1
335798,"Beans, Dry, Black, 11F-8023 (0% moisture)",0,23,0,1
335799,"Beans, Dry, Black, 11F-8168 (0% moisture)",0,24,0,1
335800,"Beans, Dry, Black, 11F-8062 (0% moisture)",0,24,0,1
335801,"Beans, Dry, Black, 11F-8150 (0% moisture)",0,24,0,1
335802,"Beans, Dry, Black, 11F-8046 (0% moisture)",0,25,0,1
335803,"Beans, Dry, Black, 11F-8146 (0% moisture)",0,26,0,1
335804,"Beans, Dry, Black, 11F-8000 (0% moisture)",0,26,0,1
335805,"Beans, Dry, Black, 11F-8129 (0% moisture)",0,25,0,1
335806,"Beans, Dry, Black, 11F-8044 (0% moisture)",0,24,0,1
335807,"Beans, Dry, Black, 11F-8158 (0% moisture)",0,25,0,1
335808,"Beans, Dry, Black, 11F-8029 (0% moisture)",0,25,0,2
335809,"Beans, Dry, Black, 11F-8119 (0% moisture)",0,25,0,1
335810,"Beans, Dry, Black, 11F-8002 (0% moisture)",0,25,0,1
335811,"Beans, Dry, Black, 11F-8135 (0% moisture)",0,25,0,1
335812,"Beans, Dry, Black, 11F-8020 (0% moisture)",0,26,0,1
335813,"Beans, Dry, Black, 11F-8140 (0% moisture)",0,26,0,1
335814,"Beans, Dry, Black, 11F-8015 (0% moisture)",0,24,0,1
335815,"Beans, Dry, Black, 11F-8123 (0% moisture)",0,24,0,1
335816,"Beans, Dry, Black, 348 (0% moisture)",0,26,0,1
335817,"Beans, Dry, Black, 737 (0% moisture)",0,26,0,1
335818,"Beans, Dry, Black, 298 (0% moisture)",0,24,0,1
335819,"Beans, Dry, Black, 533 (0% moisture)",0,23,0,1
335820,"Beans, Dry, Black, 331 (0% moisture)",0,24,0,1
335821,"Beans, Dry, Black, 745 (0% moisture)",0,24,0,1
335822,"Beans, Dry, Black, 244 (0% moisture)",0,25,0,2
335823,"Beans, Dry, Black, 604 (0% moisture)",0,25,0,2
335824,"Beans, Dry, Black, 250 (0% moisture)",0,24,0,2
335825,"Beans, Dry, Black, 583 (0% moisture)",0,25,0,1
335826,"Beans, Dry, Black, 269 (0% moisture)",0,24,0,2
335827,"Beans, Dry, Black, 566 (0% moisture)",0,24,0,1
335828,"Beans, Dry, Black, 296 (0% moisture)",0,25,0,1
335829,"Beans, Dry, Black, 611 (0% moisture)",0,26,0,1
335830,"Beans, Dry, Black, 276 (0% moisture)",0,24,0,2
335831,"Beans, Dry, Black, 624 (0% moisture)",0,25,0,1
335832,"Beans, Dry, Black, 303 (0% moisture)",0,24,0,2
335833,"Beans, Dry, Black, 617 (0% moisture)",0,24,0,1
335834,"Beans, Dry, Black, 221 (0% moisture)",0,25,0,2
335835,"Beans, Dry, Black, 602 (0% moisture)",0,25,0,2
335836,"Beans, Dry, Black, 305 (0% moisture)",0,24,0,2
335837,"Beans, Dry, Black, 553 (0% moisture)",0,25,0,2
335838,"Beans, Dry, Black, 304 (0% moisture)",0,24,0,2
335839,"Beans, Dry, Black, 601 (0% moisture)",0,26,0,2
335840,"Beans, Dry, Black, 274 (0% moisture)",0,24,0,1
335841,"Beans, Dry, Black, 526 (0% moisture)",0,24,0,1
335842,"Beans, Dry, Black, 232 (0% moisture)",0,24,0,1
335843,"Beans, Dry, Black, 534 (0% moisture)",0,23,0,1
335844,"Beans, Dry, Black, 219 (0% moisture)",0,21,0,2
335845,"Beans, Dry, Black, 580 (0% moisture)",0,23,0,1
335846,"Beans, Dry, Black, 254 (0% moisture)",0,23,0,2
335847,"Beans, Dry, Black, 542 (0% moisture)",0,24,0,1
335848,"Beans, Dry, Black, 424 (0% moisture)",0,24,0,1
335849,"Beans, Dry, Black, 267 (0% moisture)",0,24,0,1
335850,"Beans, Dry, Black, 767 (0% moisture)",0,25,0,1
335851,"Beans, Dry, Black, 569 (0% moisture)",0,24,0,1
335852,"Beans, Dry, Black, 249 (0% moisture)",0,25,0,2
335853,"Beans, Dry, Black, 590 (0% moisture)",0,26,0,2
335854,"Beans, Dry, Black, 282 (0% moisture)",0,23,0,1
335855,"Beans, Dry, Black, 597 (0% moisture)",0,25,0,1
335856,"Beans, Dry, Black, 247 (0% moisture)",0,24,0,1
335857,"Beans, Dry, Black, 619 (0% moisture)",0,26,0,1
335858,"Beans, Dry, Black, 222 (0% moisture)",0,22,0,2
335859,"Beans, Dry, Black, 608 (0% moisture)",0,24,0,2
335860,"Beans, Dry, Black, 225 (0% moisture)",0,24,0,1
335861,"Beans, Dry, Black, 573 (0% moisture)",0,25,0,1
335862,"Beans, Dry, Black, 248 (0% moisture)",0,23,0,2
335863,"Beans, Dry, Black, 607 (0% moisture)",0,24,0,2
335864,"Beans, Dry, Black, 223 (0% moisture)",0,23,0,2
335865,"Beans, Dry, Black, 522 (0% moisture)",0,24,0,2
335866,"Beans, Dry, Black, 314 (0% moisture)",0,22,0,2
335867,"Beans, Dry, Black, 531 (0% moisture)",0,22,0,2
335868,"Beans, Dry, Black, 215 (0% moisture)",0,24,0,2
335869,"Beans, Dry, Black, 615 (0% moisture)",0,25,0,2
335870,"Beans, Dry, Black, 310 (0% moisture)",0,25,0,2
335871,"Beans, Dry, Black, 536 (0% moisture)",0,24,0,2
335872,"Beans, Dry, Black, 318 (0% moisture)",0,24,0,2
335873,"Beans, Dry, Black, 537 (0% moisture)",0,23,0,2
335874,"Beans, Dry, Black, 271 (0% moisture)",0,26,0,1
335875,"Beans, Dry, Black, 545 (0% moisture)",0,24,0,1
335876,"Beans, Dry, Black, 278 (0% moisture)",0,26,0,2
335877,"Beans, Dry, Black, 552 (0% moisture)",0,26,0,2
335878,"Beans, Dry, Black, 266 (0% moisture)",0,26,0,1
335879,"Beans, Dry, Black, 550 (0% moisture)",0,25,0,1
335880,"Beans, Dry, Black, 288 (0% moisture)",0,24,0,1
335881,"Beans, Dry, Black, 572 (0% moisture)",0,26,0,1
335882,"Beans, Dry, Black, 301 (0% moisture)",0,25,0,1
335883,"Beans, Dry, Black, 575 (0% moisture)",0,27,0,1
335884,"Beans, Dry, Black, 259 (0% moisture)",0,25,0,2
335885,"Beans, Dry, Black, 610 (0% moisture)",0,26,0,1
335886,"Beans, Dry, Black, 395 (0% moisture)",0,22,0,2
335887,"Beans, Dry, Black, 258 (0% moisture)",0,22,0,2
335888,"Beans, Dry, Black, 707 (0% moisture)",0,23,0,2
335889,"Beans, Dry, Black, 562 (0% moisture)",0,22,0,2
335890,"Beans, Dry, Black, 227 (0% moisture)",0,22,0,2
335891,"Beans, Dry, Black, 620 (0% moisture)",0,25,0,1
335892,"Beans, Dry, Black, 214 (0% moisture)",0,24,0,2
335893,"Beans, Dry, Black, 547 (0% moisture)",0,25,0,2
335894,"Beans, Dry, Black, 263 (0% moisture)",0,25,0,1
335895,"Beans, Dry, Black, 570 (0% moisture)",0,26,0,1
335896,"Beans, Dry, Black, 251 (0% moisture)",0,24,0,2
335897,"Beans, Dry, Black, 592 (0% moisture)",0,26,0,2
335898,"Beans, Dry, Black, 238 (0% moisture)",0,26,0,1
335899,"Beans, Dry, Black, 528 (0% moisture)",0,26,0,1
335900,"Beans, Dry, Black, 273 (0% moisture)",0,25,0,2
335901,"Beans, Dry, Black, 529 (0% moisture)",0,24,0,2
335902,"Beans, Dry, Black, 472 (0% moisture)",0,25,0,1
335903,"Beans, Dry, Black, 753 (0% moisture)",0,26,0,1
335904,"Beans, Dry, Black, 286 (0% moisture)",0,23,0,1
335905,"Beans, Dry, Black, 596 (0% moisture)",0,25,0,1
335906,"Beans, Dry, Black, 297 (0% moisture)",0,24,0,2
335907,"Beans, Dry, Black, 600 (0% moisture)",0,24,0,2
335908,"Beans, Dry, Black, 317 (0% moisture)",0,22,0,1
335909,"Beans, Dry, Black, 625 (0% moisture)",0,23,0,1
335910,"Beans, Dry, Black, 291 (0% moisture)",0,25,0,2
335911,"Beans, Dry, Black, 574 (0% moisture)",0,25,0,2
335912,"Beans, Dry, Black (0% moisture)",0,24,0,1
335913,"Beans, Dry, Small White, 11F-8057 (0% moisture)",0,26,0,1
335914,"Beans, Dry, Small White, 11F-8160 (0% moisture)",0,26,0,1
335915,"Beans, Dry, Small White, 239 (0% moisture)",0,24,0,1
335916,"Beans, Dry, Small White, 571 (0% moisture)",0,26,0,1
335917,"Beans, Dry, Small White, 272 (0% moisture)",0,26,0,1
335918,"Beans, Dry, Small White, 618 (0% moisture)",0,26,0,1
335919,"Beans, Dry, Small White, 265 (0% moisture)",0,22,0,1
335920,"Beans, Dry, Small White, 527 (0% moisture)",0,22,0,1
335921,"Beans, Dry, Small White, 309 (0% moisture)",0,26,0,1
335922,"Beans, Dry, Small White, 549 (0% moisture)",0,25,0,1
335923,"Beans, Dry, Small White, 285 (0% moisture)",0,24,0,1
335924,"Beans, Dry, Small White, 544 (0% moisture)",0,24,0,1
335925,"Beans, Dry, Small White, 275 (0% moisture)",0,24,0,2
335926,"Beans, Dry, Small White, 564 (0% moisture)",0,24,0,2
335927,"Beans, Dry, Small White (0% moisture)",0,24,0,1
335928,"Beans, Dry, Red, 345 (0% moisture)",0,21,0,1
335929,"Beans, Dry, Red, 645 (0% moisture)",0,21,0,1
335930,"Beans, Dry, Red (0% moisture)",0,21,0,1
335931,"Beans, Dry, Great Northern, 11F-8063 (0% moisture)",0,24,0,1
335932,"Beans, Dry, Great Northern, 11F-8128 (0% moisture)",0,24,0,1
335933,"Beans, Dry, Great Northern, 11F-8163 (0% moisture)",0,24,0,1
335934,"Beans, Dry, Great Northern, 11F-8163 (0% moisture)",0,24,0,1
335935,"Beans, Dry, Great Northern, 11F-8087 (0% moisture)",0,27,0,1
335936,"Beans, Dry, Great Northern, 11F-8145 (0% moisture)",0,27,0,1
335937,"Beans, Dry, Great Northern, 11F-8025 (0% moisture)",0,26,0,2
335938,"Beans, Dry, Great Northern, 11F-8141 (0% moisture)",0,27,0,1
335939,"Beans, Dry, Great Northern, 11F-8097 (0% moisture)",0,24,0,1
335940,"Beans, Dry, Great Northern, 11F-8194 (0% moisture)",0,23,0,1
335941,"Beans, Dry, Great Northern, 11F-8053 (0% moisture)",0,24,0,1
335942,"Beans, Dry, Great Northern, 11F-8155 (0% moisture)",0,24,0,1
335943,"Beans, Dry, Great Northern, 11F-8052 (0% moisture)",0,24,0,1
335944,"Beans, Dry, Great Northern, 11F-8134 (0% moisture)",0,25,0,1
335945,"Beans, Dry, Great Northern, 11F-8051 (0% moisture)",0,25,0,1
335946,"Beans, Dry, Great Northern, 11F-8113 (0% moisture)",0,25,0,1
335947,"Beans, Dry, Great Northern, 11F-8093 (0% moisture)",0,24,0,1
335948,"Beans, Dry, Great Northern, 11F-8110 (0% moisture)",0,24,0,1
335949,"Beans, Dry, Great Northern, 11F-8060 (0% moisture)",0,25,0,1
335950,"Beans, Dry, Great Northern, 11F-8184 (0% moisture)",0,23,0,1
335951,"Beans, Dry, Great Northern, 11F-8090 (0% moisture)",0,23,0,1
335952,"Beans, Dry, Great Northern, 11F-8152 (0% moisture)",0,24,0,1
335953,"Beans, Dry, Great Northern, 11F-8085 (0% moisture)",0,24,0,1
335954,"Beans, Dry, Great Northern, 11F-8192 (0% moisture)",0,24,0,1
335955,"Beans, Dry, Great Northern, 11F-8010 (0% moisture)",0,23,0,1
335956,"Beans, Dry, Great Northern, 11F-8185 (0% moisture)",0,24,0,1
335957,"Beans, Dry, Great Northern, 11F-8068 (0% moisture)",0,24,0,1
335958,"Beans, Dry, Great Northern, 11F-8172 (0% moisture)",0,24,0,1
335959,"Beans, Dry, Great Northern, 11F-8067 (0% moisture)",0,24,0,1
335960,"Beans, Dry, Great Northern, 11F-8125 (0% moisture)",0,25,0,1
335961,"Beans, Dry, Great Northern, 11F-8008 (0% moisture)",0,24,0,1
335962,"Beans, Dry, Great Northern, 11F-8171 (0% moisture)",0,24,0,1
335963,"Beans, Dry, Great Northern, 11F-8092 (0% moisture)",0,24,0,1
335964,"Beans, Dry, Great Northern, 11F-8138 (0% moisture)",0,24,0,1
335965,"Beans, Dry, Great Northern, 11F-8077 (0% moisture)",0,26,0,1
335966,"Beans, Dry, Great Northern, 11F-8139 (0% moisture)",0,26,0,1
335967,"Beans, Dry, Great Northern, 441 (0% moisture)",0,26,0,1
335968,"Beans, Dry, Great Northern, 648 (0% moisture)",0,25,0,1
335969,"Beans, Dry, Great Northern, 446 (0% moisture)",0,32,0,1
335970,"Beans, Dry, Great Northern, 726 (0% moisture)",0,29,0,1
335971,"Beans, Dry, Great Northern, 235 (0% moisture)",0,29,0,1
335972,"Beans, Dry, Great Northern, 579 (0% moisture)",0,30,0,1
335973,"Beans, Dry, Great Northern, 306 (0% moisture)",0,26,0,1
335974,"Beans, Dry, Great Northern, 594 (0% moisture)",0,28,0,1
335975,"Beans, Dry, Great Northern, 423 (0% moisture)",0,23,0,1
335976,"Beans, Dry, Great Northern, 651 (0% moisture)",0,22,0,1
335977,"Beans, Dry, Great Northern, 315 (0% moisture)",0,28,0,1
335978,"Beans, Dry, Great Northern, 581 (0% moisture)",0,29,0,1
335979,"Beans, Dry, Great Northern, 396 (0% moisture)",0,22,0,1
335980,"Beans, Dry, Great Northern, 778 (0% moisture)",0,22,0,1
335981,"Beans, Dry, Great Northern, 406 (0% moisture)",0,26,0,1
335982,"Beans, Dry, Great Northern, 688 (0% moisture)",0,25,0,1
335983,"Beans, Dry, Great Northern, 384 (0% moisture)",0,22,0,1
335984,"Beans, Dry, Great Northern, 644 (0% moisture)",0,22,0,1
335985,"Beans, Dry, Great Northern, 380 (0% moisture)",0,24,0,1
335986,"Beans, Dry, Great Northern, 748 (0% moisture)",0,25,0,1
335987,"Beans, Dry, Great Northern, 392 (0% moisture)",0,24,0,1
335988,"Beans, Dry, Great Northern, 658 (0% moisture)",0,23,0,1
335989,"Beans, Dry, Great Northern, 363 (0% moisture)",0,23,0,1
335990,"Beans, Dry, Great Northern, 792 (0% moisture)",0,24,0,1
335991,"Beans, Dry, Great Northern, 339 (0% moisture)",0,22,0,1
335992,"Beans, Dry, Great Northern, 713 (0% moisture)",0,23,0,1
335993,"Beans, Dry, Great Northern, 346 (0% moisture)",0,23,0,1
335994,"Beans, Dry, Great Northern, 780 (0% moisture)",0,27,0,1
335995,"Beans, Dry, Great Northern, 460 (0% moisture)",0,23,0,1
335996,"Beans, Dry, Great Northern, 672 (0% moisture)",0,22,0,1
335997,"Beans, Dry, Great Northern, 385 (0% moisture)",0,24,0,1
335998,"Beans, Dry, Great Northern, 788 (0% moisture)",0,23,0,1
335999,"Beans, Dry, Great Northern, 429 (0% moisture)",0,24,0,1
336000,"Beans, Dry, Great Northern, 789 (0% moisture)",0,24,0,1
336001,"Beans, Dry, Great Northern, 514 (0% moisture)",0,24,0,1
336002,"Beans, Dry, Great Northern, 730 (0% moisture)",0,23,0,1
336003,"Beans, Dry, Great Northern, 501 (0% moisture)",0,25,0,1
336004,"Beans, Dry, Great Northern, 638 (0% moisture)",0,24,0,1
336005,"Beans, Dry, Great Northern, 474 (0% moisture)",0,25,0,1
336006,"Beans, Dry, Great Northern, 790 (0% moisture)",0,27,0,1
336007,"Beans, Dry, Great Northern, 402 (0% moisture)",0,25,0,1
336008,"Beans, Dry, Great Northern, 822 (0% moisture)",0,27,0,1
336009,"Beans, Dry, Great Northern, 350 (0% moisture)",0,27,0,1
336010,"Beans, Dry, Great Northern, 828 (0% moisture)",0,29,0,1
336011,"Beans, Dry, Great Northern, 375 (0% moisture)",0,24,0,1
336012,"Beans, Dry, Great Northern, 662 (0% moisture)",0,25,0,1
336013,"Beans, Dry, Great Northern, 337 (0% moisture)",0,22,0,1
336014,"Beans, Dry, Great Northern, 656 (0% moisture)",0,22,0,1
336015,"Beans, Dry, Great Northern, 467 (0% moisture)",0,23,0,1
336016,"Beans, Dry, Great Northern, 824 (0% moisture)",0,24,0,1
336017,"Beans, Dry, Great Northern, 507 (0% moisture)",0,26,0,1
336018,"Beans, Dry, Great Northern, 826 (0% moisture)",0,27,0,1
336019,"Beans, Dry, Great Northern, 327 (0% moisture)",0,23,0,1
336020,"Beans, Dry, Great Northern, 675 (0% moisture)",0,25,0,1
336021,"Beans, Dry, Great Northern, 401 (0% moisture)",0,24,0,1
336022,"Beans, Dry, Great Northern, 742 (0% moisture)",0,24,0,1
336023,"Beans, Dry, Great Northern, 518 (0% moisture)",0,25,0,1
336024,"Beans, Dry, Great Northern, 666 (0% moisture)",0,22,0,1
336025,"Beans, Dry, Great Northern, 457 (0% moisture)",0,25,0,1
336026,"Beans, Dry, Great Northern, 818 (0% moisture)",0,26,0,1
336027,"Beans, Dry, Great Northern, 293 (0% moisture)",0,23,0,1
336028,"Beans, Dry, Great Northern, 412 (0% moisture)",0,22,0,1
336029,"Beans, Dry, Great Northern, 616 (0% moisture)",0,25,0,1
336030,"Beans, Dry, Great Northern, 689 (0% moisture)",0,23,0,1
336031,"Beans, Dry, Great Northern, 387 (0% moisture)",0,24,0,1
336032,"Beans, Dry, Great Northern, 766 (0% moisture)",0,24,0,1
336033,"Beans, Dry, Great Northern, 519 (0% moisture)",0,25,0,1
336034,"Beans, Dry, Great Northern, 768 (0% moisture)",0,25,0,1
336035,"Beans, Dry, Great Northern, 418 (0% moisture)",0,26,0,1
336036,"Beans, Dry, Great Northern, 637 (0% moisture)",0,24,0,1
336037,"Beans, Dry, Great Northern, 495 (0% moisture)",0,27,0,1
336038,"Beans, Dry, Great Northern, 680 (0% moisture)",0,25,0,1
336039,"Beans, Dry, Great Northern, 335 (0% moisture)",0,23,0,1
336040,"Beans, Dry, Great Northern, 763 (0% moisture)",0,26,0,1
336041,"Beans, Dry, Great Northern, 364 (0% moisture)",0,23,0,1
336042,"Beans, Dry, Great Northern, 683 (0% moisture)",0,24,0,1
336043,"Beans, Dry, Great Northern, 379 (0% moisture)",0,23,0,1
336044,"Beans, Dry, Great Northern, 655 (0% moisture)",0,23,0,1
336045,"Beans, Dry, Great Northern, 434 (0% moisture)",0,25,0,1
336046,"Beans, Dry, Great Northern, 716 (0% moisture)",0,26,0,1
336047,"Beans, Dry, Great Northern, 341 (0% moisture)",0,23,0,1
336048,"Beans, Dry, Great Northern, 697 (0% moisture)",0,27,0,1
336049,"Beans, Dry, Great Northern, 438 (0% moisture)",0,24,0,1
336050,"Beans, Dry, Great Northern, 706 (0% moisture)",0,26,0,1
336051,"Beans, Dry, Great Northern, 449 (0% moisture)",0,22,0,1
336052,"Beans, Dry, Great Northern, 741 (0% moisture)",0,24,0,1
336053,"Beans, Dry, Great Northern, 407 (0% moisture)",0,24,0,2
336054,"Beans, Dry, Great Northern, 723 (0% moisture)",0,24,0,1
336055,"Beans, Dry, Great Northern, 447 (0% moisture)",0,25,0,1
336056,"Beans, Dry, Great Northern, 827 (0% moisture)",0,29,0,1
336057,"Beans, Dry, Great Northern, 458 (0% moisture)",0,26,0,1
336058,"Beans, Dry, Great Northern, 693 (0% moisture)",0,25,0,1
336059,"Beans, Dry, Great Northern, 415 (0% moisture)",0,26,0,1
336060,"Beans, Dry, Great Northern, 762 (0% moisture)",0,26,0,1
336061,"Beans, Dry, Great Northern, 453 (0% moisture)",0,26,0,1
336062,"Beans, Dry, Great Northern, 777 (0% moisture)",0,26,0,1
336063,"Beans, Dry, Great Northern, 485 (0% moisture)",0,26,0,1
336064,"Beans, Dry, Great Northern, 800 (0% moisture)",0,25,0,1
336065,"Beans, Dry, Great Northern, 444 (0% moisture)",0,24,0,1
336066,"Beans, Dry, Great Northern, 694 (0% moisture)",0,26,0,1
336067,"Beans, Dry, Great Northern (0% moisture)",0,25,0,1
746758,"Beef, loin, tenderloin roast, separable lean only, boneless, trimmed to 0"" fat, select, cooked, roasted",176,28,0,6
746759,"Beef, loin, top loin steak, boneless, lip-on, separable lean only, trimmed to 1/8"" fat, choice, raw",155,23,0,6
746760,"Beef, round, eye of round roast, boneless, separable lean only, trimmed to 0"" fat, select, raw",122,23,0,2
746761,"Beef, round, top round roast, boneless, separable lean only, trimmed to 0"" fat, select, raw",123,24,0,2
746762,"Beef, short loin, porterhouse steak, separable lean only, trimmed to 1/8"" fat, select, raw",145,23,0,5
746763,"Beef, short loin, t-bone steak, bone-in, separable lean only, trimmed to 1/8"" fat, choice, cooked, grilled",219,27,0,11
746764,"Carrots, frozen, unprepared",37,1,8,0
746765,"Cheese, dry white, queso seco",326,24,2,24
746766,"Cheese, ricotta, whole milk",157,8,7,11
746767,"Cheese, swiss",393,27,1,31
746768,"Figs, dried, uncooked",249,3,64,1
746769,"Lettuce, cos or romaine, raw",17,1,3,0
746770,"Melons, cantaloupe, raw",34,1,8,0
746771,"Oranges, raw, navels",47,1,12,0
746772,"Milk, lowfat, fluid, 1% milkfat, with added vitamin A and vitamin D",43,3,5,1
746773,"Pears, raw, bartlett",57,0,15,0
746774,"Restaurant, Chinese, sweet and sour pork",260,9,26,14
746776,"Milk, nonfat, fluid, with added vitamin A and vitamin D (fat free or skim)",34,3,5,0
746777,"Sauce, salsa, ready-to-serve",29,1,7,0
746778,"Milk, reduced fat, fluid, 2% milkfat, with added vitamin A and vitamin D",50,3,5,2
746779,"Sausage, breakfast sausage, beef, pre-cooked, unprepared",328,13,3,29
746780,"Sausage, Italian, pork, mild, cooked, pan-fried",322,18,2,26
746781,"Sausage, pork, chorizo, link or ground, cooked, pan-fried",346,19,3,28
746782,"Milk, whole, 3.25% milkfat, with added vitamin D",60,3,5,3
746783,"Sausage, turkey, breakfast links, mild, raw",169,17,1,10
746784,"Sugars, granulated",385,0,100,0
746785,"Turkey, ground, 93% lean, 7% fat, pan-broiled crumbles",220,27,0,12
746952,"Ham, sliced, restaurant",121,20,2,4
747429,"Cheese, American, restaurant",375,18,6,31
747430,"Beans, Dry, Medium Red (0% moisture)",0,26,0,1
747431,"Beans, Dry, Red (0% moisture)",0,21,0,1
747432,"Beans, Dry, Flor de Mayo (0% moisture)",0,23,0,1
747433,"Beans, Dry, Brown (0% moisture)",0,26,0,1
747434,"Beans, Dry, Tan (0% moisture)",0,27,0,1
747435,"Beans, Dry, Light Tan (0% moisture)",0,25,0,1
747436,"Beans, Dry, Carioca (0% moisture)",0,25,0,1
747437,"Beans, Dry, Cranberry (0% moisture)",0,24,0,1
747438,"Beans, Dry, Light Red Kidney (0% moisture)",0,25,0,1
747439,"Beans, Dry, Pink (0% moisture)",0,23,0,1
747440,"Beans, Dry, Dark Red Kidney (0% moisture)",0,26,0,1
747441,"Beans, Dry, Navy (0% moisture)",0,24,0,2
747442,"Beans, Dry, Small White (0% moisture)",0,24,0,1
747443,"Beans, Dry, Small Red (0% moisture)",0,24,0,1
747444,"Beans, Dry, Black (0% moisture)",0,24,0,1
747445,"Beans, Dry, Pinto (0% moisture)",0,24,0,1
747446,"Beans, Dry, Great Northern (0% moisture)",0,25,0,1
747447,"Broccoli, raw",31,3,6,0
747448,"Strawberries, raw",31,1,8,0
747693,"Ketchup, restaurant",117,1,27,1
747997,"Eggs, Grade A, Large, egg white",55,11,2,0
748236,"Eggs, Grade A, Large, egg yolk",334,16,1,29
748967,"Eggs, Grade A, Large, egg whole",148,12,1,10
749420,"Pork, cured, bacon, cooked, restaurant",500,41,2,36
789890,"Flour, wheat, all-purpose, enriched, bleached",366,11,77,1
789951,"Flour, wheat, all-purpose, enriched, unbleached",358,13,73,1
790018,"Flour, wheat, all-purpose, unenriched, unbleached",362,12,75,2
790085,"Flour, whole wheat, unenriched",370,15,71,3
790146,"Flour, bread, white, enriched, unbleached",363,14,73,2
790214,"Flour, rice, white, unenriched",359,7,80,1
790276,"Flour, corn, yellow, fine meal, enriched",364,6,81,2
790518,"ONIONS, RED",0,1,0,0
790529,"ONIONS, RED",0,1,0,0
790541,"ONIONS, RED",0,1,0,0
790553,"ONIONS, RED",0,1,0,0
790564,"ONIONS, RED",0,1,0,0
790575,"ONIONS, RED",0,1,0,0
790577,"Onions, red, raw",44,1,10,0
790587,"ONIONS, YELLOW",0,1,0,0
790598,"ONIONS, YELLOW",0,1,0,0
790610,"ONIONS, YELLOW",0,1,0,0
790621,"ONIONS, YELLOW",0,1,0,0
790632,"ONIONS, YELLOW",0,1,0,0
790644,"ONIONS, YELLOW",0,1,0,0
790646,"Onions, yellow, raw",38,1,9,0
790774,"Bananas, overripe, raw",85,1,20,0
790991,"Bananas, ripe and slightly ripe, raw",97,1,23,0
1104647,"Garlic, raw",143,7,28,0
1104705,"Flour, soy, defatted",366,51,33,3
1104766,"Flour, soy, full-fat",452,39,28,21
1104812,"Flour, rice, brown",365,7,76,4
1104867,"Flour, rice, glutinous",358,7,80,1
1104913,"Flour, pastry, unenriched, unbleached",358,9,77,2
1104962,"Onions, white, raw",35,1,8,0
1105073,"Bananas, overripe, raw",85,1,20,0
1105314,"Bananas, ripe and slightly ripe, raw",97,1,23,0
1105430,"Apples, red delicious, with skin, raw",62,0,15,0
1105547,"Apples, honeycrisp, with skin, raw",60,0,15,0
1105664,"Apples, granny smith, with skin, raw",59,0,14,0
1105781,"Apples, gala, with skin, raw",61,0,15,0
1105897,"Apples, fuji, with skin, raw",65,0,16,0
1750337,"Soy milk, unsweetened, plain, shelf stable",0,4,1,2
1750338,"Almond milk, unsweetened, plain, shelf stable",0,1,0,1
1750344,"Mushroom, lion's mane",0,2,8,0
1750345,"Mushroom, oyster",0,3,7,0
1750346,"Mushrooms, shiitake",0,2,8,0
1750347,"Mushrooms, white button",0,3,4,0
1750352,"Spinach, baby",0,3,2,1
1750353,"Spinach, mature",0,3,3,1
1750354,"Tomato, roma",0,1,4,0
1999626,"Mushroom, lion's mane",0,2,8,0
1999627,"Mushroom, oyster",0,3,7,0
1999628,"Mushrooms, shiitake",0,2,8,0
1999629,"Mushrooms, white button",0,3,4,0
1999630,"Soy milk, unsweetened, plain, shelf stable",0,4,1,2
1999631,"Almond milk, unsweetened, plain, shelf stable",0,1,0,1
1999632,"Spinach, baby",0,3,2,1
1999633,"Spinach, mature",0,3,3,1
1999634,"Tomato, roma",0,1,4,0
2003586,"Flour, 00",0,11,74,2
2003587,"Flour, spelt, whole grain",0,14,71,3
2003588,"Flour, semolina, coarse and semi-coarse",0,12,74,2
2003589,"Flour, semolina, fine",0,13,72,2
2003591,"Orange juice, no pulp, not fortified, from concentrate, refrigerated",0,1,10,0
2003595,"Grapefruit juice, red, not fortified, not from concentrate, refrigerated",0,1,9,0
2003596,"Tomato juice, with added ingredients, from concentrate, shelf stable",0,1,4,0
2003597,"Orange juice, no pulp, not fortified, not from concentrate, refrigerated",0,1,10,0
2003598,"Mushroom, portabella",0,3,5,0
2003599,"Mushroom, king oyster",0,2,9,0
2003600,"Mushroom, enoki",0,2,8,0
2003601,"Mushroom, crimini",0,3,4,0
2003602,"Mushroom, maitake",0,2,7,0
2003603,"Mushroom, beech",0,2,7,0
2003604,"Mushroom, pioppini",0,4,6,0
2257044,"Soy milk, sweetened, plain, refrigerated",0,3,3,2
2257045,"Almond milk, unsweetened, plain, refrigerated",0,1,1,2
2257046,"Oat milk, unsweetened, plain, refrigerated",0,1,5,3
2258586,"Carrots, mature, raw",0,1,10,0
2258587,"Carrots, baby, raw",0,1,9,0
2258588,"Peppers, bell, green, raw",0,1,5,0
2258589,"Peppers, bell, yellow, raw",0,1,7,0
2258590,"Peppers, bell, red, raw",0,1,7,0
2258591,"Peppers, bell, orange, raw",0,1,7,0
2259792,"Buttermilk, low fat",0,3,5,1
2259793,"Yogurt, plain, whole milk",0,4,6,4
2259794,"Yogurt, Greek, plain, whole milk",0,9,5,4
2259795,"Cheese, parmesan, grated, refrigerated",0,30,4,30
2259796,"Cheese, feta, whole milk, crumbled",0,20,6,19
2261420,"Flour, almond",0,26,16,50
2261421,"Flour, oat, whole grain",0,13,70,6
2261422,"Flour, potato",0,8,80,1
2262072,"Peanut butter, creamy",0,24,23,49
2262073,"Sesame butter, creamy",0,20,14,62
2262074,"Almond butter, creamy",0,21,21,53
2262075,"Flaxseed, ground",0,18,34,37
2263887,"Strawberries, raw",0,1,8,0
2263888,"Raspberries, raw",0,1,13,0
2263889,"Blueberries, raw",0,1,15,0
2263890,"Grapes, red, seedless, raw",0,1,20,0
2263891,"Grapes, green, seedless, raw",0,1,19,0
2346384,"Cottage cheese, full fat, large or small curd",0,12,5,4
2346385,"Cream cheese, full fat, block",0,6,5,33
2346386,"Cream, heavy",0,2,4,36
2346387,"Cream, sour, full fat",0,3,6,18
2346388,"Lettuce, iceberg, raw",0,1,3,0
2346389,"Lettuce, romaine, green, raw",0,1,4,0
2346390,"Lettuce, leaf, red, raw",0,1,3,0
2346391,"Lettuce, leaf, green, raw",0,1,4,0
2346392,"Nuts, pine nuts, raw",0,16,19,61
2346393,"Nuts, almonds, whole, raw",0,21,20,51
2346394,"Nuts, walnuts, English, halves, raw",0,15,11,70
2346395,"Nuts, pecans, halves, raw",0,10,13,73
2346396,"Oats, whole grain, rolled, old fashioned",0,13,69,6
2346397,"Oats, whole grain, steel cut",0,13,70,6
2346399,"Cherries, sweet, dark red, raw",0,1,16,0
2346400,"Beans, snap, green, raw",0,2,7,0
2346401,"Potatoes, russet, without skin, raw",0,2,18,0
2346402,"Potatoes, red, without skin, raw",0,2,16,0
2346403,"Potatoes, gold, without skin, raw",0,2,16,0
2346404,"Sweet potatoes, orange flesh, without skin, raw",0,2,17,0
2346406,"Cucumber, with peel, raw",0,1,3,0
2346407,"Cabbage, green, raw",0,1,6,0
2346408,"Cabbage, red, raw",0,1,7,0
2346409,"Strawberries, raw",0,1,8,0
2346410,"Raspberries, raw",0,1,13,0
2346411,"Blueberries, raw",0,1,15,0
2346412,"Grapes, red, seedless, raw",0,1,20,0
2346413,"Grapes, green, seedless, raw",0,1,19,0
2512371,"Flour, amaranth",0,13,69,6
2512372,"Flour, quinoa",0,12,70,7
2512373,"Flour, sorghum",0,8,77,4
2512374,"Flour, buckwheat",0,9,75,2
2512375,"Flour, rye",0,8,77,2
2512376,"Flour, barley",0,9,77,2
2512377,"Flour, cassava",0,1,87,0
2512378,"Buckwheat, whole grain",0,11,71,3
2512379,"Millet, whole grain",0,10,74,4
2512380,"Rice, brown, long grain, unenriched, raw",0,7,77,3
2512381,"Rice, white, long grain, unenriched, raw",0,7,80,1
2514743,"Beef, ground, 90% lean meat / 10% fat, raw",0,18,0,13
2514744,"Beef, ground, 80% lean meat / 20% fat, raw",0,18,0,19
2514745,"Pork, ground, raw",0,18,0,17
2514746,"Chicken, ground, with additives, raw",0,18,0,7
2514747,"Turkey, ground, 93% lean/ 7% fat, raw",0,17,0,10
2515373,"Nuts, brazilnuts, raw",0,15,22,57
2515374,"Nuts, cashew nuts, raw",0,17,36,39
2515375,"Nuts, hazelnuts or filberts, raw",0,13,27,53
2515376,"Peanuts, raw",0,23,26,43
2515377,"Flour, chestnut",0,5,80,5
2515378,"Nuts, macadamia nuts, raw",0,8,24,65
2515379,"Nuts, pistachio nuts, raw",0,21,28,45
2515380,"Seeds, pumpkin seeds (pepitas), raw",0,30,19,40
2515381,"Seeds, sunflower seed, kernel, raw",0,19,25,48
2515382,"Flour, coconut",0,16,59,15
2644281,"Beans, cannellini, dry",0,22,60,2
2644282,"Chickpeas, (garbanzo beans, bengal gram), dry",0,21,60,6
2644283,"Lentils, dry",0,24,62,2
2644284,"Blackeye pea, dry",0,21,62,2
2644285,"Beans, black, canned, sodium added, drained and rinsed",0,7,20,1
2644286,"Beans, navy, canned, sodium added, drained and rinsed",0,7,20,1
2644287,"Beans, cannellini, canned, sodium added, drained and rinsed",0,7,19,1
2644288,"Chickpeas (garbanzo beans, bengal gram), canned, sodium added, drained and rinsed",0,7,20,3
2644289,"Beans, kidney, dark red, canned, sodium added, sugar added, drained and rinsed",0,8,21,1
2644290,"Beans, kidney, light red, canned, sodium added, sugar added, drained and rinsed",0,7,21,1
2644291,"Peas, green, sweet, canned, sodium added, sugar added, drained and rinsed",0,5,13,1
2644292,"Beans, pinto, canned, sodium added, drained and rinsed",0,7,20,1
2644293,"Blackeye pea, canned, sodium added, drained and rinsed",0,7,19,1
2644294,"Beans, great northern, canned, sodium added, drained and rinsed",0,7,19,1
2646168,"Pork, loin, boneless, raw",0,21,0,9
2646169,"Pork, loin, tenderloin, boneless, raw",0,22,0,4
2646170,"Chicken, breast, boneless, skinless, raw",0,23,0,2
2646171,"Chicken, thigh, boneless, skinless, raw",0,19,0,8
2646172,"Beef, ribeye, steak, boneless, choice, raw",0,19,0,20
2646173,"Beef, round, top round, boneless, choice, raw",0,21,1,6
2646174,"Beef, chuck, roast, boneless, choice, raw",0,18,0,18
2646175,"Beef, flank, steak, boneless, choice, raw",0,20,0,9
2647437,"Yogurt, plain, nonfat",0,4,8,0
2647438,"Cheese, monterey jack, solid",0,23,2,33
2647439,"Cheese, pasteurized process cheese food or product, American, singles",0,16,8,24
2647440,"Cheese, provolone, sliced",0,23,2,28
2647441,"Cheese, oaxaca, solid",0,22,2,22
2647442,"Cheese, queso fresco, solid",0,19,3,23
2647443,"Cheese, cotija, solid",0,24,3,27
2684440,"Fish, salmon, sockeye, wild caught, raw",0,22,0,5
2684441,"Fish, salmon, Atlantic, farm raised, raw",0,20,0,13
2684442,"Fish, tilapia, farm raised, raw",0,19,0,2
2684443,"Crustaceans, shrimp, farm raised, raw",0,16,0,1
2684444,"Fish, cod, Atlantic, wild caught, raw",0,16,0,1
2684445,"Fish, catfish, farm raised, raw",0,16,0,7
2684446,"Crustaceans, crab, blue swimming, lump, pasteurized, refrigerated",0,19,0,1
2685568,"Squash, summer, green, zucchini, includes skin, raw",0,1,0,0
2685569,"Squash, summer, yellow, includes skin, raw",0,1,0,0
2685570,"Squash, winter, butternut, raw",0,1,11,0
2685571,"Squash, winter, acorn, raw",0,1,10,0
2685572,"Cabbage, bok choy, raw",0,1,4,0
2685573,"Cauliflower, raw",0,2,5,0
2685574,"Collards, raw",0,3,7,1
2685575,"Brussels sprouts, raw",0,4,10,1
2685576,"Beets, raw",0,2,9,0
2685577,"Eggplant, raw",0,1,5,0
2685578,"Tomatoes, whole, canned, solids and liquids, with salt added",0,1,4,0
2685579,"Tomato, sauce, canned, with salt added",0,1,6,0
2685580,"Tomato, paste, canned, without salt added",0,4,20,1
2685581,"Tomatoes, crushed, canned",0,1,7,0
2685582,"Tomato, puree, canned",0,2,8,0
"2685583","Pillsbury Original Crescent Rolls (1 roll)",100,2,11,6
"2685584","Pillsbury Grands! Flaky Layers Original Biscuits (1 biscuit)",170,3,23,7
"2685585","Pillsbury Grands! Southern Homestyle Butter Tastin' Biscuits (1 biscuit)",170,3,22,8
"2685586","Pillsbury Grands! Flaky Layers Honey Butter Biscuits (1 biscuit)",180,3,24,8
"2685587","Pillsbury Cinnamon Rolls with Icing (1 roll)",140,2,23,5
"2685588","Pillsbury Grands! Cinnamon Rolls with Cinnabon Icing (1 roll)",310,4,51,10
"2685589","Pillsbury Apple Turnovers with Icing (1 turnover)",240,3,34,10
"2685590","Pillsbury Classic Crust Pizza Dough (1/6 crust)",170,5,35,2
"2685591","Pillsbury Cornbread Swirls (1 swirl)",150,3,24,5
"2685592","Pillsbury French Bread Dough (1/5 loaf)",130,4,27,1
"2685593","Pillsbury Refrigerated Pie Crusts (1/8 crust)",100,1,11,6
"2685594","Pillsbury Chocolate Chip Cookie Dough (1 cookie)",130,1,18,6
"2685595","Pillsbury Sugar Cookie Dough (1 cookie)",120,1,17,5
"2685596","Pillsbury Soft Baked Chocolate Chip Cookies (2 cookies)",150,1,21,7
"2685597","Baked Potato (1 medium, with skin)",161,4,37,0
"2685598","Russet Potato (1 medium cooked)",168,4,38,0
"2685599","Red Potato (1 medium cooked)",150,4,34,0
"2685600","Yukon Gold Potato (1 medium cooked)",135,3,30,0
"2685601","Sweet Potato (1 medium baked)",103,2,24,0
"2685602","Mashed Potatoes (1 cup, with butter & milk)",237,4,35,9
"2685603","Mashed Potatoes (1 cup plain)",170,4,37,1
"2685604","Roasted Potatoes (1 cup oven baked)",160,3,28,5
"2685605","French Fries (1 medium order / 3 oz)",340,4,44,16
"2685606","Sweet Potato Fries (3 oz / 1 cup)",180,2,28,7
"2685607","Hash Browns (1 cup cooked)",290,3,38,14
"2685608","Potato Wedges (4 oz baked)",200,4,32,7
"2685609","Potato Salad (1/2 cup)",180,3,18,11
"2685610","Loaded Baked Potato (with bacon, cheese & sour cream)",350,10,40,17
"2685611","Potato Tots / Tater Tots (9 pieces / 3 oz)",160,2,20,9
"2685612","Ore-Ida Tater Tots (3 oz / 9 pieces)",160,2,19,8
"2685613","Ore-Ida Golden Fries (3 oz / 12 pieces)",130,2,19,4
"2685614","Ore-Ida Hash Brown Patties (1 patty)",140,1,15,8
"2685615","Bob Evans Original Mashed Potatoes (1/2 cup)",150,2,18,8
"2685616","Reser's Main St. Bistro Mashed Potatoes (1/2 cup)",160,3,19,8
